Date,ERIC-B.ST,VOLV-B.ST,ATCO-B.ST,SAND.ST,SKF-B.ST,SWED-A.ST,SSAB-B.ST,NIBE-B.ST,ALFA.ST,HEXA-B.ST,INDU-C.ST,ESSITY-B.ST,TELIA.ST,SECU-B.ST,SCA-B.ST,KINV-B.ST,NDA-SE.ST,SHB-A.ST,SEB-A.ST,SINCH.ST,GETI-B.ST,LATO-B.ST,LIFCO-B.ST,BURE.ST,INVE-B.ST,EVO.ST,SWEC-B.ST,SKA-B.ST,HUSQ-B.ST,ABB.ST,AAPL,MSFT,GOOGL,AMZN,META,NVDA,JPM,V,MA,PG,JNJ,UNH,HD,BAC,XOM,CVX,LLY,ABBV,AVGO,COST,PEP,KO,TMO,ORCL,CRM,AMD,QCOM,TXN,WMT,MCD
2025-08-18,71.13307189941406,277.511962890625,128.45201110839844,233.0025177001953,230.39175415039062,246.4545440673828,53.72100830078125,43.56524658203125,414.87261962890625,106.50382995605469,363.7023010253906,241.34649658203125,33.86716842651367,143.38156127929688,122.15418243408203,85.45999908447266,149.80101013183594,107.9317626953125,166.93081665039062,29.719999313354492,199.69662475585938,237.49203491210938,339.7593994140625,272.39910888671875,289.9638671875,847.5999755859375,154.3558349609375,222.63665771484375,54.67381286621094,635.2168579101562,230.0402374267578,512.0384521484375,202.79074096679688,231.49000549316406,764.260009765625,181.56472778320312,286.0574645996094,340.0206604003906,580.5223999023438,151.27159118652344,171.10963439941406,298.6048583984375,381.66510009765625,46.66032409667969,103.71409606933594,147.78651428222656,693.675048828125,200.3544464111328,302.9842834472656,973.6690673828125,142.33392333984375,66.82733917236328,485.39703369140625,246.26319885253906,241.49757385253906,176.13999938964844,154.77760314941406,189.42445373535156,99.85922241210938,299.2601318359375
2025-08-19,72.02344512939453,285.487548828125,131.22752380371094,238.41661071777344,236.38999938964844,246.63633728027344,55.2035026550293,45.10167694091797,432.67535400390625,107.80204772949219,371.4615783691406,243.27650451660156,33.71452713012695,146.42811584472656,124.82874298095703,86.73999786376953,150.34683227539062,108.15007019042969,166.74314880371094,30.200000762939453,201.25827026367188,243.73155212402344,350.0671691894531,278.5360107421875,293.45977783203125,850.2000122070312,161.4739532470703,227.92628479003906,56.218055725097656,643.0072631835938,229.71145629882812,504.7801818847656,200.8675079345703,228.00999450683594,748.4344482421875,175.2103271484375,285.203857421875,339.73297119140625,581.884033203125,153.87503051757812,172.6144561767578,294.4910888671875,393.7523193359375,46.816123962402344,104.39437103271484,146.23753356933594,698.8027954101562,199.98585510253906,292.23272705078125,975.160400390625,144.8179931640625,67.79402923583984,496.0997619628906,231.97601318359375,243.50698852539062,166.5500030517578,152.1963653564453,190.9938201904297,100.4443130493164,301.42193603515625
2025-08-20,71.86860656738281,284.9110107421875,129.5232696533203,237.2353515625,236.2916717529297,248.36363220214844,54.637813568115234,44.48710632324219,430.3147888183594,107.15294647216797,369.89007568359375,246.0749969482422,34.14382553100586,148.12063598632812,125.02325439453125,86.0,150.49569702148438,109.80921936035156,167.25924682617188,29.6200008392334,202.2342987060547,240.90428161621094,348.2831115722656,281.3075256347656,291.14556884765625,860.2000122070312,161.66896057128906,227.2650909423828,56.0225830078125,638.4129638671875,225.17819213867188,500.76983642578125,198.62533569335938,223.80999755859375,744.6895751953125,174.9709014892578,286.7541809082031,341.20123291015625,589.009521484375,154.9533233642578,173.62411499023438,290.2320251464844,388.47259521484375,47.079017639160156,105.47310638427734,147.41128540039062,701.0187377929688,202.85679626464844,288.5267333984375,988.80078125,143.45697021484375,68.34503173828125,492.63507080078125,232.4110565185547,243.95242309570312,165.1999969482422,151.4073944091797,195.70188903808594,101.713623046875,303.5061950683594
2025-08-21,71.67504119873047,282.1243591308594,128.79287719726562,235.26658630371094,234.52169799804688,250.272705078125,53.408897399902344,43.44629669189453,428.0525817871094,106.60369110107422,367.4346008300781,245.3994903564453,34.25830841064453,147.25021362304688,126.1903305053711,85.63999938964844,148.21319580078125,110.1148452758789,167.30616760253906,29.56999969482422,200.08702087402344,238.564453125,343.32745361328125,280.713623046875,289.1760559082031,855.0,159.91380310058594,225.65928649902344,55.39706802368164,635.2168579101562,224.072265625,500.1250915527344,199.0538330078125,221.9499969482422,736.1044921875,174.55194091796875,285.9986267089844,340.963134765625,588.2543334960938,154.1956024169922,173.7114715576172,293.62957763671875,384.5660705566406,46.991390228271484,106.15339660644531,149.65298461914062,705.371337890625,203.19625854492188,286.9709167480469,964.0551147460938,141.79141235351562,68.3063735961914,481.6336669921875,230.532470703125,243.33871459960938,163.7100067138672,150.13136291503906,195.64341735839844,97.14210510253906,303.64190673828125
2025-08-22,73.1267318725586,288.2742004394531,132.44485473632812,239.69630432128906,242.38824462890625,252.0,54.28669357299805,45.656776428222656,437.59326171875,109.05033111572266,373.0330505371094,246.364501953125,34.22968673706055,147.6854248046875,129.788818359375,87.80000305175781,149.15597534179688,110.63878631591797,169.18284606933594,30.200000762939453,203.40553283691406,244.51150512695312,347.0937805175781,287.44439697265625,293.65673828125,860.0,162.8390655517578,230.0043487548828,56.49171829223633,641.8087158203125,226.92173767089844,503.09075927734375,205.37173461914062,228.83999633789062,751.73095703125,177.55458068847656,290.6790771484375,347.2627258300781,595.2506713867188,154.1373291015625,174.0609893798828,297.5691833496094,399.1576843261719,48.179317474365234,108.14564514160156,152.18324279785156,707.2196655273438,204.26316833496094,291.33099365234375,952.979736328125,142.4195556640625,67.79402923583984,497.7922668457031,233.70628356933594,245.77377319335938,167.75999450683594,153.9106903076172,200.8583526611328,96.02154541015625,304.4659423828125
2025-08-25,73.28158569335938,284.5266418457031,130.6431884765625,238.02285766601562,241.20826721191406,250.4545440673828,54.34521484375,42.01890182495117,429.9213562011719,107.302734375,371.9526672363281,248.58399963378906,34.03888702392578,145.70272827148438,128.81625366210938,88.36000061035156,148.16358947753906,111.03174591064453,168.4321746826172,30.40999984741211,202.72232055664062,241.9766845703125,340.7505187988281,288.4342346191406,292.1303405761719,860.4000244140625,160.10882568359375,226.50941467285156,55.37752151489258,638.2131958007812,226.323974609375,500.1449890136719,207.76336669921875,227.94000244140625,750.2470092773438,179.37013244628906,289.3642578125,346.05242919921875,589.5362548828125,151.68930053710938,173.20663452148438,295.0911865234375,395.3961486816406,48.179317474365234,108.59268951416016,152.20249938964844,690.97216796875,201.30494689941406,291.5589294433594,936.1182250976562,141.049072265625,66.63399505615234,488.5928955078125,232.7571258544922,245.3580322265625,163.36000061035156,152.3619384765625,200.7706298828125,95.26789093017578,303.8551940917969
2025-08-26,73.7074203491211,282.9891662597656,131.66575622558594,237.33380126953125,240.61827087402344,247.99998474121094,53.99409866333008,40.94835662841797,426.2821044921875,107.45252990722656,369.3007507324219,244.82049560546875,33.79084777832031,144.10693359375,128.23272705078125,85.72000122070312,147.32005310058594,109.80921936035156,166.79006958007812,29.889999389648438,204.6743927001953,237.68701171875,338.76824951171875,283.88104248046875,289.61920166015625,853.4000244140625,157.08607482910156,223.86460876464844,53.95056915283203,642.6077880859375,228.46604919433594,497.9430847167969,206.4180908203125,228.7100067138672,751.0437622070312,181.32533264160156,292.9653625488281,348.3937072753906,587.9461059570312,151.51446533203125,172.600341796875,290.80316162109375,394.0810852050781,48.929080963134766,108.3497314453125,151.39434814453125,731.4171142578125,202.090576171875,295.30462646484375,935.8795776367188,139.90696716308594,66.44066619873047,486.3328552246094,231.57064819335938,241.26988220214844,166.6199951171875,155.0406036376953,200.78036499023438,95.24805450439453,303.3704528808594
2025-08-27,73.32029724121094,280.29864501953125,130.3997344970703,236.54629516601562,239.92994689941406,243.90907287597656,53.15531539916992,39.877811431884766,430.7082214355469,106.70355224609375,369.6936340332031,247.9084930419922,33.89578628540039,143.3332061767578,126.57935333251953,86.26000213623047,145.48414611816406,107.45148468017578,164.5849609375,29.510000228881836,201.55108642578125,236.22462463378906,337.38067626953125,281.70343017578125,289.9638671875,853.0,158.938720703125,223.20339965820312,53.75509262084961,641.0097045898438,229.64170837402344,502.604736328125,206.7568817138672,229.1199951171875,744.3510131835938,181.15573120117188,293.6619873046875,347.57025146484375,587.0020141601562,152.47618103027344,172.89370727539062,294.1426086425781,394.7579345703125,49.0556640625,109.57424926757812,153.2030792236328,729.5686645507812,201.7996063232422,297.5242614746094,944.01220703125,140.51608276367188,66.5373306274414,485.9744567871094,233.15260314941406,247.6248321533203,167.1300048828125,155.6250457763672,200.2832489013672,95.27779388427734,301.9066467285156
2025-08-28,72.913818359375,280.8751525878906,132.29876708984375,237.6291046142578,241.10992431640625,242.1818084716797,52.96025085449219,39.362361907958984,428.9377746582031,107.302734375,370.6758117675781,245.97848510742188,33.51418685913086,140.23828125,125.50953674316406,85.95999908447266,144.09478759765625,106.84021759033203,164.1157989501953,29.709999084472656,201.25827026367188,236.02964782714844,336.9842529296875,284.4749450683594,288.9298400878906,850.5999755859375,157.67111206054688,222.73110961914062,53.383697509765625,641.8087158203125,231.70408630371094,505.4810791015625,210.9023895263672,231.60000610351562,748.06591796875,179.72923278808594,295.41845703125,347.08416748046875,586.8231811523438,151.20358276367188,171.58323669433594,292.6035461425781,393.9940490722656,49.16276550292969,110.1573486328125,153.28004455566406,727.3726196289062,201.66380310058594,305.8480224609375,939.4786376953125,139.88792419433594,66.0829849243164,487.5873107910156,237.61178588867188,251.95053100585938,168.5800018310547,156.62832641601562,198.93807983398438,95.30754852294922,302.6724853515625
2025-08-29,72.87511444091797,279.5298767089844,130.93536376953125,235.3650360107422,238.65162658691406,242.0,52.33604049682617,38.48015594482422,423.42974853515625,105.20561218261719,369.6936340332031,246.65399169921875,33.676368713378906,139.9965057373047,125.16913604736328,84.9000015258789,143.54898071289062,106.22895812988281,164.1627197265625,29.549999237060547,202.2342987060547,234.0797882080078,333.01971435546875,280.5156555175781,286.91107177734375,820.0,155.62344360351562,221.7865447998047,52.464969635009766,635.6163940429688,231.28562927246094,502.5551452636719,212.16798400878906,229.0,735.7062377929688,173.75390625,295.7618713378906,348.98895263671875,591.6033935546875,152.5538787841797,173.2653350830078,299.9406433105469,393.3365173339844,49.40620040893555,111.07086944580078,154.51153564453125,727.9886474609375,204.06918334960938,294.69024658203125,937.8480224609375,141.47731018066406,66.6919937133789,490.55426025390625,223.58169555664062,253.65310668945312,162.6300048828125,156.5601348876953,197.3687286376953,96.17029571533203,303.9521179199219
2025-09-01,72.33314514160156,277.22369384765625,133.2726287841797,235.26658630371094,238.94662475585938,244.27273559570312,51.98492431640625,38.470245361328125,424.0198974609375,104.9559555053711,371.4615783691406,245.97848510742188,33.88624572753906,142.22097778320312,124.97462463378906,83.80000305175781,145.78184509277344,106.14163208007812,166.32090759277344,29.06999969482422,204.57679748535156,233.7873077392578,333.01971435546875,278.7339782714844,288.83135986328125,810.5999755859375,155.81845092773438,221.50315856933594,51.604888916015625,627.6262817382812,,,,,,,,,,,,,,,,,,,,,,,,,,,,,,
2025-09-02,71.1911392211914,267.9989013671875,129.66934204101562,231.32907104492188,232.8500518798828,241.0,51.068115234375,37.08250045776367,417.429931640625,101.56061553955078,360.559326171875,244.6274871826172,33.685909271240234,138.9326171875,123.12674713134766,81.37999725341797,145.0375518798828,105.53036499023438,163.9750518798828,28.209999084472656,199.50140380859375,225.98789978027344,325.68536376953125,271.2113037109375,281.4949035644531,787.0,154.25831604003906,216.30799865722656,50.822998046875,619.4363403320312,228.87454223632812,500.9979248046875,210.61341857910156,225.33999633789062,732.1306762695312,170.3622283935547,294.07415771484375,347.29248046875,588.20458984375,153.4767608642578,174.13572692871094,298.9049377441406,392.8916931152344,49.094608306884766,111.45960998535156,155.6948699951172,730.582275390625,205.54345703125,295.53253173828125,933.3742065429688,143.02870178222656,66.75965881347656,485.3870544433594,222.7610321044922,250.29747009277344,162.32000732421875,154.6607208251953,194.76611328125,97.03301239013672,307.8420715332031
2025-09-03,71.55891418457031,266.07708740234375,132.20138549804688,234.3806610107422,234.22669982910156,240.90908813476562,50.4048957824707,37.02302169799805,422.4461669921875,102.90876770019531,361.93438720703125,245.11000061035156,33.50464630126953,139.51292419433594,123.56440734863281,81.08000183105469,144.1444091796875,105.05009460449219,164.4911346435547,27.780000686645508,199.79421997070312,227.5477752685547,326.87469482421875,269.4296569824219,284.4984130859375,785.5999755859375,155.13589477539062,217.9137725830078,51.33122634887695,627.8259887695312,237.59234619140625,501.22607421875,229.85610961914062,225.99000549316406,734.0628051757812,170.20260620117188,293.8876953125,348.086181640625,589.6058349609375,153.651611328125,174.07704162597656,298.0144348144531,394.24542236328125,48.74407196044922,108.75790405273438,152.06781005859375,733.205810546875,205.48526000976562,299.64483642578125,944.2706298828125,141.4678192138672,66.6919937133789,482.4201354980469,220.931884765625,253.85108947753906,162.1300048828125,153.1996307373047,190.7988739013672,98.60974884033203,308.456298828125
2025-09-04,73.08802032470703,266.269287109375,132.98046875,235.8572235107422,234.42335510253906,242.0908966064453,51.22417068481445,37.0428466796875,420.6757507324219,102.40945434570312,361.93438720703125,247.13650512695312,34.05796813964844,140.6735076904297,122.49458312988281,80.87999725341797,146.47653198242188,105.35572052001953,165.8048095703125,27.75,203.9911651611328,226.28038024902344,326.4782409667969,267.8459167480469,285.5816650390625,783.0,156.98855590820312,219.1417236328125,51.33122634887695,647.40185546875,238.89752197265625,503.82470703125,231.49041748046875,235.67999267578125,745.6159057617188,171.24008178710938,298.1168212890625,348.2052001953125,591.9512329101562,154.64248657226562,174.82028198242188,300.434326171875,400.3525085449219,49.28935241699219,109.23410034179688,151.7118377685547,738.25390625,206.59095764160156,303.3211669921875,950.3551025390625,139.80227661132812,65.97665405273438,487.33843994140625,220.48696899414062,241.5371551513672,161.7899932861328,156.45191955566406,182.56214904785156,100.0873031616211,309.0412292480469
2025-09-05,72.95252990722656,266.07708740234375,136.09681701660156,238.02285766601562,234.8166961669922,241.09091186523438,51.692325592041016,37.825931549072266,426.57720947265625,109.94910430908203,364.4880676269531,248.68051147460938,34.15336608886719,141.20545959472656,123.56440734863281,81.77999877929688,145.48414611816406,104.13319396972656,164.77264404296875,28.670000076293945,204.77200317382812,229.98509216308594,329.84808349609375,272.2011413574219,286.1232604980469,800.0,158.45118713378906,217.9137725830078,51.233489990234375,646.403076171875,238.80783081054688,490.9605407714844,234.1809844970703,232.3300018310547,749.4004516601562,166.61141967773438,288.85400390625,340.4968566894531,580.6018676757812,155.44876098632812,174.49755859375,305.2837829589844,407.41259765625,48.73124694824219,106.15339660644531,147.83460998535156,722.65234375,206.16419982910156,331.849853515625,957.89111328125,140.68931579589844,65.69629669189453,490.4347839355469,230.17654418945312,248.21873474121094,151.13999938964844,156.57925415039062,183.1859893798828,99.67081451416016,306.4966735839844
2025-09-08,72.21701049804688,263.38653564453125,138.58016967773438,243.7322540283203,236.68499755859375,245.8181610107422,51.51676559448242,38.004356384277344,431.0032958984375,111.1973876953125,363.89874267578125,248.2944793701172,33.93394470214844,141.6406707763672,123.66166687011719,82.95999908447266,147.4689178466797,104.78811645507812,165.47640991210938,29.549999237060547,207.50489807128906,232.12994384765625,332.2268371582031,272.99298095703125,284.1044921875,796.7999877929688,159.91380310058594,221.03086853027344,50.86209487915039,658.1885375976562,237.00450134277344,494.1344299316406,233.43292236328125,235.83999633789062,749.2510375976562,167.89825439453125,287.4115905761719,339.5841369628906,582.9671630859375,154.4676055908203,174.20419311523438,309.988037109375,408.3753356933594,48.42771530151367,106.75592041015625,148.16172790527344,734.0106811523438,203.4775390625,342.5121154785156,966.2125854492188,136.1915740966797,65.18396759033203,485.5065002441406,235.7925262451172,249.7134552001953,151.41000366210938,156.97109985351562,181.12928771972656,101.42603302001953,304.9562683105469
2025-09-09,73.10738372802734,263.38653564453125,137.2167510986328,243.63381958007812,234.42335510253906,245.4545440673828,51.146141052246094,37.17171096801758,428.1509094238281,109.99903869628906,365.2738037109375,248.48748779296875,34.55405044555664,140.23828125,122.34870147705078,83.0199966430664,148.0643310546875,104.78811645507812,166.46165466308594,31.079999923706055,207.2120819091797,232.4224090576172,331.0374450683594,271.4093017578125,282.4303894042969,802.7999877929688,160.9864044189453,222.06991577148438,50.88164138793945,655.79150390625,233.4875030517578,494.3427429199219,239.00843811035156,238.24000549316406,762.5967407226562,170.34225463867188,292.2588806152344,341.2607421875,580.38330078125,154.90475463867188,173.05996704101562,336.7713928222656,403.9020080566406,49.24039840698242,107.53339385986328,148.97950744628906,745.9056396484375,204.08859252929688,333.6136474609375,973.5696411132812,137.52745056152344,65.5996322631836,480.2895812988281,238.78836059570312,249.50558471679688,155.82000732421875,155.42330932617188,180.35923767089844,101.43595123291016,304.6833190917969
2025-09-10,72.70091247558594,262.041259765625,136.09681701660156,244.2244415283203,230.39175415039062,247.0908966064453,51.75084686279297,36.904075622558594,429.62628173828125,108.40122985839844,364.9791564941406,246.2679901123047,34.344173431396484,139.9965057373047,121.61927795410156,83.4000015258789,148.41168212890625,105.48670959472656,167.68148803710938,30.5,205.65042114257812,230.6675567626953,328.2622985839844,274.3787536621094,282.13494873046875,800.7999877929688,160.4988555908203,225.18699645996094,50.490692138671875,661.7841186523438,225.95533752441406,496.2867126464844,238.5496063232422,230.3300018310547,748.932373046875,176.89620971679688,294.8984069824219,335.43731689453125,575.7919311523438,152.85504150390625,171.91574096679688,335.66790771484375,401.85009765625,49.083736419677734,109.33129119873047,151.8080291748047,749.8905029296875,205.27188110351562,366.2149658203125,950.7427978515625,137.10458374023438,65.56096649169922,474.44537353515625,324.62994384765625,240.11175537109375,159.5399932861328,155.7073974609375,179.36495971679688,99.5716552734375,298.2683410644531
2025-09-11,72.64283752441406,263.9631042480469,135.9994354248047,245.11038208007812,229.31008911132812,246.5454559326172,51.809364318847656,36.48775100708008,430.41314697265625,108.70081329345703,364.78271484375,244.9169921875,34.601749420166016,140.62515258789062,120.74396514892578,82.95999908447266,147.86585998535156,104.78811645507812,168.1975860595703,29.799999237060547,207.40728759765625,230.18008422851562,330.4427795410156,272.5970764160156,281.1009826660156,793.5999755859375,162.05899047851562,229.90988159179688,50.490692138671875,663.9813842773438,229.1833953857422,496.9215087890625,239.7465057373047,229.9499969482422,747.8568115234375,176.74655151367188,299.82415771484375,340.7646789550781,585.083984375,154.09848022460938,174.5660400390625,342.279052734375,411.7594909667969,49.6907958984375,108.98143005371094,152.2506103515625,751.5401611328125,213.59371948242188,356.3652038574219,958.7261962890625,138.61343383789062,65.36763763427734,489.2499694824219,304.3906555175781,243.78416442871094,155.6699981689453,158.21519470214844,179.69639587402344,101.79295349121094,300.69586181640625
2025-09-12,71.88795471191406,262.90606689453125,136.53504943847656,246.09475708007812,230.68675231933594,249.54544067382812,51.614295959472656,36.05160140991211,431.98687744140625,108.00177764892578,364.0951843261719,243.95199584960938,34.35370635986328,141.93081665039062,119.82003021240234,83.08000183105469,148.75901794433594,104.74445343017578,169.18284606933594,29.860000610351562,206.72406005859375,230.3750762939453,330.8392333984375,277.5461730957031,281.29791259765625,792.0,163.32659912109375,227.64291381835938,50.06065368652344,665.179931640625,233.2085418701172,505.73895263671875,240.17539978027344,228.14999389648438,752.5277709960938,177.39500427246094,301.1488037109375,336.7369079589844,576.8155517578125,153.38931274414062,174.13572692871094,341.21435546875,411.0495910644531,49.52434539794922,109.00086212158203,151.15382385253906,750.6557006835938,211.770263671875,356.60302734375,962.2855224609375,137.94070434570312,64.7779541015625,477.3525390625,288.8873596191406,240.29981994628906,158.57000732421875,158.52867126464844,177.99058532714844,102.62593078613281,297.7418518066406
2025-09-15,71.61697387695312,262.1373291015625,135.8533477783203,251.31198120117188,229.8017578125,250.8181610107422,52.0239372253418,35.85335159301758,428.7410583496094,108.70081329345703,360.1664733886719,240.38150024414062,34.22968673706055,140.6735076904297,120.45219421386719,83.16000366210938,149.99949645996094,104.87544250488281,170.6372833251953,30.040000915527344,206.8216552734375,230.3750762939453,325.48712158203125,278.7339782714844,280.1162109375,823.4000244140625,164.7892303466797,228.96531677246094,49.786991119384766,662.1836547851562,235.828857421875,511.1544189453125,250.95733642578125,231.42999267578125,761.6007690429688,177.32516479492188,303.1014099121094,336.35992431640625,579.3497314453125,152.34988403320312,173.49026489257812,338.8668518066406,411.0690612792969,49.53413772583008,109.18550872802734,151.3462371826172,743.5009155273438,211.06224060058594,360.7846984863281,954.5307006835938,135.1632537841797,64.49546813964844,472.79852294921875,298.7351379394531,240.06227111816406,161.16000366210938,157.9311065673828,173.70164489746094,102.82426452636719,294.495361328125
2025-09-16,71.36534881591797,263.7709045410156,135.17166137695312,248.5557098388672,229.21177673339844,248.54544067382812,52.21900177001953,35.417205810546875,423.62646484375,109.15019989013672,359.0860595703125,238.64450073242188,34.067508697509766,137.86874389648438,121.57064819335938,80.72000122070312,149.05673217773438,104.5261459350586,169.27667236328125,29.90999984741211,206.23605346679688,225.98789978027344,320.92791748046875,274.57672119140625,276.7679748535156,820.7999877929688,161.18141174316406,223.4867706298828,49.122379302978516,653.7939453125,237.2735137939453,504.885986328125,250.5084991455078,234.0500030517578,775.8428344726562,174.4620361328125,303.385986328125,337.3321533203125,582.7882690429688,153.53504943847656,172.5709991455078,330.9671936035156,409.84375,49.6026725769043,111.44988250732422,153.49168395996094,759.9173583984375,209.75286865234375,356.7318115234375,946.54736328125,134.57699584960938,64.52468872070312,479.0565490722656,303.1943054199219,236.88478088378906,160.4600067138672,160.79153442382812,173.14601135253906,102.5565185546875,295.6847839355469
2025-09-17,72.19764709472656,264.2513427734375,134.44125366210938,248.16197204589844,229.70343017578125,250.63636779785156,52.062950134277344,35.82361602783203,422.7412414550781,109.79930877685547,358.8896179199219,239.5129852294922,34.506351470947266,137.8203887939453,120.88985443115234,81.73999786376953,149.70179748535156,105.74867248535156,170.44960021972656,31.030000686645508,205.9432373046875,224.5255126953125,318.9456481933594,272.003173828125,277.94970703125,800.2000122070312,160.4988555908203,223.5812225341797,49.29830551147461,649.1996459960938,238.11044311523438,505.8579406738281,248.8827362060547,231.6199951171875,772.5761108398438,169.8829803466797,305.8979187011719,343.4532165527344,594.9227294921875,155.74989318847656,173.294677734375,332.74969482421875,405.5162658691406,50.32722854614258,112.04270935058594,154.02084350585938,755.3660888671875,214.16595458984375,343.02740478515625,957.4437866210938,135.73025512695312,65.30397033691406,470.98492431640625,298.0133361816406,240.1728973388672,159.16000366210938,161.88868713378906,175.74862670898438,103.39942169189453,297.3226013183594
2025-09-18,73.22352600097656,265.4044494628906,138.92098999023438,253.2807159423828,230.49008178710938,249.0908966064453,51.8288688659668,36.904075622558594,426.7738952636719,113.34444427490234,361.54150390625,235.65298461914062,34.4491081237793,138.44903564453125,118.6529541015625,84.37999725341797,149.2552032470703,104.22051239013672,168.66676330566406,32.16999816894531,205.9432373046875,226.86532592773438,325.0906677246094,275.96246337890625,280.7563171386719,809.5999755859375,160.9864044189453,225.18699645996094,49.35694885253906,658.5880737304688,237.00450134277344,504.3008117675781,251.37625122070312,231.22999572753906,777.0878295898438,175.8187713623047,307.3501892089844,335.496826171875,582.420654296875,152.82589721679688,170.32167053222656,326.13580322265625,405.9830627441406,51.041996002197266,110.72100830078125,152.8182373046875,758.1484375,215.3104705810547,342.21484375,946.8355712890625,135.24974060058594,64.7389907836914,479.4153137207031,293.2773132324219,242.2254638671875,157.9199981689453,164.7001495361328,177.03530883789062,102.73501586914062,293.5887145996094
2025-09-19,73.72677612304688,264.6357116699219,138.92098999023438,253.7729034423828,232.3583984375,252.99998474121094,51.22417068481445,36.725650787353516,423.42974853515625,115.74115753173828,361.8361511230469,234.5915069580078,34.29646682739258,136.61143493652344,118.55569458007812,85.23999786376953,152.03390502929688,106.31627655029297,171.2471923828125,31.899999618530273,205.74803161621094,222.77064514160156,322.1172790527344,277.1502380371094,279.6238098144531,824.2000122070312,153.77076721191406,226.60386657714844,48.8878173828125,661.1848754882812,244.59645080566406,513.7034301757812,254.0592803955078,231.47999572753906,775.225341796875,176.24774169921875,308.87103271484375,338.89959716796875,580.5422973632812,151.5824432373047,172.3069610595703,327.9573059082031,404.2423400878906,51.159488677978516,109.64227294921875,150.28794860839844,747.2770385742188,215.7760009765625,341.8085632324219,945.642578125,136.2396240234375,64.70976257324219,477.9006042480469,305.181640625,245.0118408203125,157.38999938964844,163.44625854492188,174.84210205078125,101.47562408447266,294.797607421875
2025-09-22,73.82354736328125,262.1373291015625,139.5053253173828,253.37916564941406,232.0634002685547,251.36363220214844,51.770355224609375,36.44810104370117,426.87225341796875,117.4388198852539,362.1308288574219,231.21400451660156,33.60004806518555,135.59591674804688,119.86865997314453,85.5199966430664,150.59494018554688,105.35572052001953,170.44960021972656,31.649999618530273,208.0904998779297,221.99070739746094,321.7208557128906,279.327880859375,282.3319396972656,822.7999877929688,152.3081512451172,223.86460876464844,48.06682586669922,667.3772583007812,255.13751220703125,510.25189208984375,251.87496948242188,227.6300048828125,762.5733032226562,183.171142578125,306.57501220703125,341.6277770996094,580.8702392578125,148.6973114013672,170.37057495117188,332.44775390625,400.6539611816406,50.83637237548828,108.86479949951172,150.13400268554688,750.2185668945312,215.8924102783203,336.28961181640625,937.7884521484375,135.5380401611328,64.49546813964844,473.32666015625,324.4519958496094,247.58998107910156,159.7899932861328,166.25770568847656,175.08578491210938,101.96153259277344,295.39227294921875
2025-09-23,75.64301300048828,267.13409423828125,140.3817901611328,258.3010559082031,233.0467071533203,253.90907287597656,52.58962631225586,36.91399002075195,433.658935546875,117.53868103027344,368.3185729980469,232.46849060058594,33.41878890991211,135.3541259765625,121.1816177368164,85.31999969482422,151.98426818847656,106.14163208007812,172.9362030029297,31.510000228881836,209.26174926757812,222.57566833496094,324.09954833984375,280.1197204589844,287.99432373046875,828.0,153.28323364257812,225.75375366210938,48.62392807006836,671.5720825195312,253.49359130859375,505.0744323730469,251.00721740722656,220.7100067138672,752.8463745117188,178.0035400390625,306.8693542480469,336.0126953125,566.440185546875,148.14358520507812,172.68833923339844,338.6719970703125,399.593994140625,50.620967864990234,110.74044036865234,151.45205688476562,742.2984619140625,215.91180419921875,336.4385070800781,938.12646484375,136.37416076660156,64.98251342773438,468.1050109863281,310.29339599609375,242.5031280517578,160.89999389648438,166.0715789794922,177.4447021484375,101.66402435302734,295.5872497558594
2025-09-24,74.81070709228516,261.84906005859375,138.43406677246094,255.84010314941406,226.45848083496094,252.27272033691406,52.14097595214844,34.65394592285156,427.1673278808594,115.84101867675781,364.38983154296875,232.95098876953125,33.64774703979492,132.79116821289062,121.27887725830078,83.95999908447266,153.32400512695312,105.39938354492188,171.15335083007812,30.8799991607666,204.6743927001953,219.3583984375,321.32440185546875,273.78485107421875,281.9380187988281,820.5999755859375,149.96795654296875,223.67568969726562,47.61724090576172,669.3748168945312,251.38140869140625,505.98687744140625,246.49891662597656,220.2100067138672,758.0885009765625,176.54702758789062,307.53662109375,335.9928894042969,565.2872924804688,148.06585693359375,172.79591369628906,342.6851501464844,398.4853820800781,50.620967864990234,111.33325958251953,153.14532470703125,737.2006225585938,213.3706512451172,336.8057556152344,939.7867431640625,136.6336669921875,64.729248046875,466.36114501953125,304.9839172363281,243.8219451904297,160.8800048828125,170.0095672607422,179.7841339111328,101.87228393554688,296.69866943359375
2025-09-25,74.88813018798828,256.5640563964844,137.02197265625,254.0682373046875,227.14678955078125,251.5454559326172,51.20466232299805,34.376399993896484,422.9379577636719,111.09752655029297,359.1842956542969,232.8544921875,33.74314498901367,133.12965393066406,119.4310073852539,81.33999633789062,152.03390502929688,105.39938354492188,171.01260375976562,30.3700008392334,194.67002868652344,216.43362426757812,315.5758361816406,269.4296569824219,279.6238098144531,812.2000122070312,146.7501678466797,220.93641662597656,47.920223236083984,664.18115234375,255.9246368408203,502.8923645019531,245.15243530273438,218.14999389648438,746.378173828125,177.2653045654297,307.5660400390625,332.2726135253906,563.7868041992188,147.8035888671875,173.81298828125,336.5972595214844,396.22930908203125,50.7678337097168,112.3342514038086,154.626953125,710.1115112304688,211.96426391601562,333.6194763183594,937.8381958007812,134.47128295898438,64.27141571044922,457.6119384765625,288.0469055175781,238.92347717285156,161.27000427246094,166.218505859375,177.4447021484375,102.18961334228516,294.71954345703125
2025-09-26,74.94728088378906,265.2122802734375,135.5612030029297,256.8244934082031,228.3267822265625,256.1817932128906,52.41407012939453,34.1583251953125,420.28228759765625,110.79793548583984,365.8631286621094,234.5915069580078,33.962562561035156,135.25741577148438,119.38237762451172,82.94000244140625,155.3087921142578,108.06275177001953,173.96836853027344,30.100000381469727,196.67091369628906,217.50604248046875,315.5758361816406,271.0133361816406,283.7106018066406,797.2000122070312,148.9928741455078,226.60386657714844,48.193885803222656,668.17626953125,254.51980590820312,507.28619384765625,245.90049743652344,219.77999877929688,741.2356567382812,177.76409912109375,310.1270446777344,334.6932678222656,561.6302490234375,148.14358520507812,175.74935913085938,335.1556396484375,398.7966003417969,51.12031936645508,113.91834259033203,154.0881805419922,719.9990234375,213.9719696044922,332.06103515625,910.6368408203125,134.97103881835938,63.96944046020508,462.61431884765625,280.265625,241.38262939453125,159.4600067138672,165.74830627441406,179.891357421875,102.29869079589844,297.58587646484375
2025-09-29,75.26276397705078,259.3506774902344,134.9768829345703,256.2338562011719,228.6217803955078,258.09088134765625,53.23334503173828,35.88309097290039,417.62664794921875,110.49835205078125,366.0595703125,235.1704864501953,33.80992889404297,135.59591674804688,120.74396514892578,83.4800033569336,156.1027069091797,107.84443664550781,173.73379516601562,30.59000015258789,197.64694213867188,218.28598022460938,316.1705017089844,273.5868835449219,286.56640625,803.4000244140625,151.62559509277344,227.54844665527344,49.005096435546875,672.5708618164062,253.49359130859375,510.40057373046875,243.41696166992188,222.1699981689453,740.8869018554688,181.41537475585938,309.76397705078125,337.4611511230469,564.62158203125,149.14414978027344,177.6172637939453,336.22711181640625,395.59716796875,51.3259391784668,111.00284576416016,150.18209838867188,721.9567260742188,216.44525146484375,325.4799499511719,911.551513671875,134.71153259277344,64.32986450195312,460.42205810546875,279.57354736328125,243.03860473632812,161.36000061035156,161.9278564453125,178.6046600341797,102.2193603515625,295.39227294921875
2025-09-30,76.7416000366211,258.9663391113281,137.2654571533203,257.7104187011719,229.31008911132812,257.4545593261719,53.252845764160156,36.71574020385742,421.3642272949219,111.74663543701172,366.2559814453125,237.19699096679688,34.23923110961914,136.949951171875,120.9384765625,83.5999984741211,153.1255340576172,106.88388061523438,172.5608673095703,30.270000457763672,197.64694213867188,217.31105041503906,314.98114013671875,274.7746887207031,289.5699157714844,773.4000244140625,152.89320373535156,230.38217163085938,49.005096435546875,676.3661499023438,253.69287109375,513.7232666015625,242.46942138671875,219.57000732421875,731.8972778320312,186.13406372070312,309.50885009765625,338.6714782714844,565.2872924804688,149.26072692871094,181.33352661132812,336.343994140625,394.0315246582031,50.51326370239258,109.57424926757812,149.40280151367188,758.2179565429688,224.57308959960938,327.47515869140625,920.2606811523438,134.97103881835938,64.60260772705078,483.321533203125,278.07061767578125,235.0067138671875,161.7899932861328,162.96624755859375,179.09205627441406,102.19953155517578,296.2696838378906
2025-10-01,77.49087524414062,259.44677734375,138.09323120117188,257.4151306152344,230.39175415039062,259.45452880859375,58.051456451416016,37.0428466796875,423.3313903808594,113.44430541992188,366.3542175292969,236.8109893798828,34.14382553100586,136.36964416503906,121.91104125976562,83.05999755859375,152.38124084472656,106.97120666503906,173.73379516601562,29.729999542236328,201.0630645751953,220.23582458496094,317.16162109375,273.9828186035156,290.9978332519531,765.4000244140625,154.3558349609375,230.57110595703125,49.669708251953125,675.1676025390625,254.50985717773438,515.4688720703125,244.26473999023438,220.6300048828125,714.9149780273438,186.79248046875,304.8774719238281,345.07025146484375,570.2166748046875,148.8041534423828,181.9496307373047,339.2662048339844,386.08648681640625,49.62225341796875,108.83563995361328,148.71974182128906,820.246826171875,237.02674865722656,330.92950439453125,912.018798828125,137.56588745117188,65.05069732666016,528.8714599609375,285.7530517578125,233.70773315429688,164.00999450683594,163.09361267089844,175.8363494873047,101.10870361328125,292.9842224121094
2025-10-02,77.43172454833984,263.5787048339844,144.5693817138672,261.4510803222656,233.5383758544922,256.0,57.700340270996094,36.68600082397461,435.3310241699219,115.29176330566406,371.55975341796875,239.41650390625,33.86716842651367,136.61143493652344,122.15418243408203,83.87999725341797,151.73617553710938,105.8796615600586,171.8571014404297,30.700000762939453,202.52711486816406,222.08819580078125,320.333251953125,281.9013977050781,297.1033935546875,755.0,155.2333984375,231.79904174804688,51.09666061401367,687.9518432617188,256.18365478515625,511.53125,245.0526885986328,222.41000366210938,724.5921020507812,188.4385528564453,301.7767639160156,343.2052001953125,573.754638671875,147.70643615722656,181.8811798095703,344.5456237792969,384.13189697265625,49.42642593383789,108.1553726196289,147.5555877685547,814.711669921875,229.44204711914062,335.68408203125,911.4520874023438,136.76821899414062,64.3883056640625,523.1216430664062,285.5256652832031,236.8708953857422,169.72999572753906,165.40545654296875,177.71763610839844,100.85087585449219,292.3602600097656
2025-10-03,77.41200256347656,265.02008056640625,146.07887268066406,265.38861083984375,235.8000030517578,257.7272644042969,61.95276641845703,36.97346115112305,439.2653503417969,115.89095306396484,375.4884948730469,239.41650390625,33.80992889404297,137.0950164794922,122.68909454345703,84.95999908447266,152.1331329345703,106.27261352539062,173.35845947265625,31.18000030517578,206.23605346679688,225.11045837402344,325.68536376953125,282.099365234375,298.7774658203125,755.0,155.81845092773438,231.61012268066406,51.05756759643555,690.5487060546875,257.07037353515625,513.1281127929688,244.71359252929688,219.50999450683594,708.1578369140625,187.17156982421875,304.2102355957031,347.0643310546875,576.8553466796875,147.920166015625,184.4825439453125,350.85760498046875,384.1805114746094,49.58308792114258,110.06988525390625,147.72877502441406,834.6062622070312,226.87181091308594,335.8726806640625,910.0701293945312,136.4510498046875,64.92406463623047,541.41748046875,282.9154357910156,238.33843994140625,164.6699981689453,165.7287139892578,175.7681427001953,101.21778869628906,293.43267822265625
2025-10-06,78.24015045166016,264.92401123046875,147.73443603515625,265.4870300292969,238.55331420898438,260.6363525390625,61.64065933227539,36.54722595214844,441.8226318359375,115.79108428955078,377.2564392089844,238.25848388671875,33.848087310791016,138.15890502929688,120.11180114746094,84.66000366210938,152.1331329345703,106.53459167480469,174.76597595214844,31.479999542236328,208.28570556640625,226.28038024902344,325.0906677246094,286.8504943847656,302.1749267578125,749.2000122070312,156.50100708007812,232.08241271972656,50.68616485595703,694.343994140625,255.7452850341797,524.256591796875,249.78041076660156,220.89999389648438,713.2406616210938,185.09652709960938,304.8511047363281,346.5087585449219,575.2254028320312,146.11329650878906,184.0131378173828,349.4646301269531,378.6082458496094,49.33830642700195,110.9833984375,148.18096923828125,839.7537231445312,223.26373291015625,333.013916015625,905.6559448242188,134.2598419189453,64.3883056640625,542.0452270507812,288.30401611328125,243.71286010742188,203.7100067138672,165.1801300048828,177.2205047607422,101.842529296875,288.6165771484375
2025-10-07,77.98381805419922,259.06243896484375,146.37103271484375,262.8291931152344,236.38999938964844,259.5454406738281,61.328556060791016,36.06151580810547,440.1505432128906,114.89231872558594,373.2294921875,238.06549072265625,33.60958480834961,138.3523406982422,119.28511810302734,85.9000015258789,151.1407470703125,106.35994720458984,172.84237670898438,32.29999923706055,208.0904998779297,225.3054656982422,324.8924255371094,281.5054626464844,299.7130126953125,733.5999755859375,157.5736083984375,247.66793823242188,49.98246383666992,688.151611328125,255.5360565185547,519.7040405273438,245.12249755859375,221.77999877929688,710.6693725585938,184.5977325439453,303.3819885253906,349.6238708496094,576.2490844726562,148.18243408203125,184.72705078125,354.2278137207031,376.15771484375,49.24039840698242,111.04171752929688,149.0372314453125,838.3427124023438,225.8242950439453,333.9271240234375,909.4935302734375,135.30738830566406,65.06044006347656,537.281982421875,281.0368347167969,237.72364807128906,211.50999450683594,162.08460998535156,172.58067321777344,102.37802124023438,288.8895263671875
2025-10-08,79.1668930053711,258.9663391113281,147.15011596679688,267.16046142578125,235.5050048828125,259.45452880859375,64.60565185546875,35.85335159301758,441.0357666015625,115.69122314453125,375.4884948730469,239.22348022460938,33.66682434082031,137.57859802246094,117.48587799072266,84.05999755859375,150.7934112548828,105.8796615600586,170.73110961914062,32.470001220703125,206.5288543701172,226.28038024902344,330.6410217285156,281.5054626464844,301.97796630859375,728.2000122070312,156.7935333251953,249.55709838867188,49.35694885253906,692.9456787109375,257.1102600097656,520.56689453125,243.9854736328125,225.22000122070312,715.413330078125,188.6580047607422,299.7732238769531,348.572265625,572.8701171875,146.38528442382812,185.5093994140625,360.3254699707031,373.2208557128906,48.79978561401367,110.8084716796875,147.91159057617188,840.4195556640625,224.28211975097656,342.9500732421875,909.4935302734375,133.43331909179688,64.40779876708984,534.3123779296875,285.37738037109375,238.40785217285156,235.55999755859375,164.3474884033203,177.01580810546875,102.04086303710938,287.0176696777344
2025-10-09,77.90494537353516,257.52496337890625,145.25108337402344,264.69952392578125,236.19332885742188,259.9090881347656,63.31822204589844,35.80379104614258,441.42919921875,114.8423843383789,376.2742614746094,242.31149291992188,33.86716842651367,135.1606903076172,117.87489318847656,85.08000183105469,151.98426818847656,107.2331771850586,172.09169006347656,32.599998474121094,205.06480407714844,225.69541931152344,333.01971435546875,279.7237854003906,301.73175048828125,738.2000122070312,156.69602966308594,251.25732421875,48.447998046875,696.341552734375,253.1050262451172,518.1369018554688,240.9034881591797,227.74000549316406,731.0303344726562,192.10975646972656,301.2522277832031,344.2865295410156,561.79443359375,146.2784423828125,186.86875915527344,358.1532897949219,367.288818359375,48.750831604003906,109.72974395751953,145.89117431640625,849.9892578125,223.74867248535156,342.4736022949219,937.4205932617188,139.0747528076172,64.65132141113281,532.8076171875,294.12298583984375,243.2666473388672,232.88999938964844,162.28053283691406,174.4424591064453,100.92029571533203,286.4424743652344
2025-10-10,78.18099975585938,256.5640563964844,142.37820434570312,262.4354553222656,233.8333740234375,262.6363525390625,59.9240837097168,35.34782028198242,441.0357666015625,112.2459487915039,373.7205810546875,243.08348083496094,34.315547943115234,134.62875366210938,115.63800048828125,83.55999755859375,153.0262908935547,108.23739624023438,171.57562255859375,31.40999984741211,201.648681640625,224.6230010986328,329.0552062988281,262.1049499511719,298.9252014160156,714.2000122070312,154.1608123779297,250.312744140625,47.76384353637695,691.14794921875,244.3673095703125,506.7903137207031,235.9563751220703,216.3699951171875,702.9156494140625,182.7222442626953,296.67724609375,340.9234619140625,554.7589721679688,145.4138641357422,186.51669311523438,345.305419921875,365.4022521972656,47.63462829589844,107.61114501953125,143.25506591796875,828.2662353515625,223.56439208984375,322.2341003417969,924.615234375,144.23562622070312,65.30397033691406,522.9622192382812,290.1612548828125,239.64735412597656,214.89999389648438,150.45675659179688,167.36572265625,100.98970794677734,289.562255859375
2025-10-13,76.8007583618164,255.3148651123047,143.35206604003906,263.3214111328125,232.94837951660156,262.09088134765625,60.294708251953125,35.97230529785156,445.7569580078125,112.89506530761719,373.2294921875,243.75900268554688,33.685909271240234,134.29025268554688,117.43724822998047,82.13999938964844,152.38124084472656,107.45148468017578,171.4348602294922,31.100000381469727,202.42950439453125,225.98789978027344,331.8303527832031,266.4601745605469,299.4668273925781,725.5999755859375,154.6483612060547,252.67417907714844,48.37958526611328,694.343994140625,246.74850463867188,509.8551025390625,243.5166778564453,220.07000732421875,713.2804565429688,187.86990356445312,303.6580810546875,340.5762023925781,556.5103149414062,143.2767333984375,186.69273376464844,349.35748291015625,368.9225769042969,47.840240478515625,109.07860565185547,146.17982482910156,814.2645874023438,223.37042236328125,354.06744384765625,930.133056640625,143.0919647216797,65.0701904296875,522.7430419921875,305.06744384765625,246.65786743164062,216.4199981689453,158.47967529296875,170.68963623046875,101.26737213134766,292.5845031738281
2025-10-14,90.64263916015625,253.8734893798828,142.08604431152344,263.71514892578125,230.68675231933594,262.6363525390625,58.773197174072266,35.2288703918457,443.1012878417969,111.29724884033203,374.8992004394531,245.68899536132812,34.363250732421875,135.40248107910156,117.8262710571289,81.44000244140625,153.91944885253906,108.01908111572266,169.8396759033203,31.1200008392334,201.16067504882812,222.6731414794922,328.2622985839844,263.68865966796875,299.8607177734375,720.7999877929688,150.1629638671875,253.24093627929688,47.52927780151367,695.1430053710938,246.8581085205078,509.3789367675781,244.8133087158203,216.38999938964844,706.25439453125,179.59971618652344,297.85052490234375,345.61590576171875,565.14794921875,144.89898681640625,186.6438446044922,350.5945739746094,377.0426330566406,49.0445671081543,109.127197265625,146.61276245117188,807.2586669921875,222.23562622070312,341.5901794433594,941.0195922851562,145.63876342773438,65.76179504394531,523.9886474609375,296.1435241699219,237.75340270996094,218.08999633789062,158.4405059814453,169.54917907714844,106.31487274169922,296.9228820800781
2025-10-15,89.6173095703125,254.83441162109375,143.5955352783203,266.963623046875,229.60508728027344,262.09088134765625,58.441585540771484,36.031776428222656,442.904541015625,113.24458312988281,379.51544189453125,245.78549194335938,34.611289978027344,135.692626953125,118.70158386230469,82.5999984741211,154.5644989013672,108.67401123046875,169.8396759033203,31.59000015258789,203.21034240722656,226.08538818359375,330.8392333984375,266.65814208984375,304.3414001464844,722.0,150.1629638671875,251.16285705566406,49.122379302978516,707.3280029296875,248.42233276367188,509.2401428222656,250.37884521484375,215.57000732421875,715.1242065429688,179.4001922607422,301.40997314453125,342.9472351074219,560.06298828125,143.2086944580078,186.95677185058594,351.78289794921875,377.60662841796875,51.18886184692383,108.46635437011719,146.3433837890625,821.3895874023438,220.99493408203125,348.73699951171875,949.4503784179688,145.27359008789062,65.34293365478516,526.0215454101562,300.7193908691406,234.59024047851562,238.60000610351562,159.6454315185547,170.84559631347656,108.11967468261719,297.59564208984375
2025-10-16,89.1243667602539,257.7171630859375,143.6929168701172,268.932373046875,232.2600555419922,261.1817932128906,56.998104095458984,36.14081573486328,448.41259765625,112.74526977539062,381.77447509765625,250.32098388671875,34.51588821411133,135.4508514404297,119.28511810302734,89.62000274658203,159.57606506347656,108.54302978515625,170.6372833251953,32.27000045776367,208.38331604003906,226.76785278320312,331.0374450683594,267.8459167480469,303.4058837890625,717.7999877929688,148.70033264160156,249.3681640625,49.23966979980469,697.7398071289062,246.53929138183594,507.4349670410156,250.8077392578125,214.47000122070312,709.6627807617188,181.37545776367188,294.360107421875,332.7389221191406,547.196044921875,145.32643127441406,187.88584899902344,347.4190979003906,376.7217102050781,49.387264251708984,107.523681640625,145.95855712890625,814.2446899414062,221.62991333007812,351.5362548828125,920.2506713867188,146.7247772216797,65.83971405029297,534.9003295898438,310.009765625,243.93101501464844,234.55999755859375,160.73275756835938,171.05030822753906,105.58104705810547,297.673583984375
2025-10-17,88.25678253173828,237.73011779785156,141.74520874023438,266.07763671875,231.17840576171875,257.9999694824219,56.10080337524414,35.54607009887695,440.2489318847656,112.09615325927734,378.1404113769531,252.25099182128906,34.62083053588867,136.27291870117188,120.16043090820312,89.33999633789062,157.4920196533203,108.06275177001953,168.8544158935547,31.600000381469727,209.26174926757812,224.13552856445312,331.0374450683594,270.617431640625,302.0272216796875,726.0,148.7978515625,246.1566162109375,49.72835159301758,693.34521484375,251.36146545410156,509.3889465332031,252.64295959472656,213.0399932861328,714.496337890625,182.7821044921875,293.3938293457031,339.17742919921875,558.23193359375,147.0749969482422,188.96160888671875,347.35089111328125,381.1075134277344,50.20973205566406,109.07860565185547,147.27659606933594,797.7984619140625,224.26759338378906,346.75177001953125,930.8986206054688,147.72427368164062,66.66771697998047,537.0328369140625,288.5269775390625,241.0355987548828,233.0800018310547,160.11561584472656,172.12252807617188,106.8305435180664,300.3643798828125
2025-10-20,87.822998046875,245.89788818359375,143.8607940673828,275.1339416503906,234.42335510253906,260.6363525390625,57.66132354736328,36.76530075073242,445.9536437988281,113.59410095214844,384.03350830078125,253.98800659179688,34.27738571166992,136.46636962890625,120.35494232177734,88.33999633789062,158.68289184570312,108.36837768554688,169.8865966796875,33.29999923706055,211.7018280029297,228.32772827148438,335.0019836425781,272.003173828125,307.4434509277344,718.7999877929688,149.6754150390625,248.51805114746094,50.29521942138672,699.3378295898438,261.27484130859375,512.5726928710938,255.88450622558594,216.47999572753906,729.69482421875,182.20347595214844,298.1265869140625,341.67742919921875,563.5956420898438,147.6190185546875,189.45057678222656,355.0265197753906,378.1804504394531,50.95387268066406,109.52565002441406,148.62351989746094,803.8900146484375,226.70005798339844,346.6624755859375,930.679931640625,147.65701293945312,66.66771697998047,541.935546875,274.5319519042969,252.14137268066406,240.55999755859375,163.63235473632812,175.05654907226562,106.15621185302734,300.0523986816406
2025-10-21,89.24266815185547,248.3001708984375,144.2052001953125,277.2011413574219,236.38999938964844,260.6363525390625,57.095638275146484,37.3402214050293,451.6584167480469,114.94224548339844,385.50677490234375,254.9530029296875,34.24877166748047,137.0950164794922,120.6953353881836,87.4000015258789,159.27833557128906,109.50358581542969,170.44960021972656,33.66999816894531,217.46043395996094,232.03244018554688,339.7593994140625,277.3482360839844,306.3601989746094,730.0,151.7230987548828,247.00672912597656,46.74738693237305,691.5474853515625,261.80291748046875,513.4356079101562,249.81033325195312,222.02999877929688,730.7911376953125,180.72702026367188,292.9303894042969,344.4551696777344,569.2379760742188,147.28871154785156,187.65115356445312,355.8934631347656,380.13507080078125,50.444725036621094,109.5353775024414,147.9596710205078,794.558837890625,226.0455322265625,340.13104248046875,932.0618286132812,147.21490478515625,69.37572479248047,556.0360717773438,272.5213623046875,261.1946105957031,238.02999877929688,165.38587951660156,176.27499389648438,105.33314514160156,299.76971435546875
2025-10-22,88.13848114013672,246.3783416748047,143.4672088623047,276.0198669433594,236.97999572753906,263.2727355957031,58.031951904296875,36.775211334228516,448.7076721191406,113.34444427490234,385.2121276855469,254.66348266601562,33.456947326660156,137.0950164794922,121.52201843261719,85.44000244140625,159.07986450195312,109.89653778076172,170.02734375,33.36000061035156,218.92449951171875,233.88479614257812,338.5700378417969,274.57672119140625,307.2956848144531,725.5999755859375,152.3081512451172,245.684326171875,45.652732849121094,679.9617309570312,257.4988098144531,516.2921142578125,251.0371551513672,217.9499969482422,730.9306030273438,179.84910583496094,289.99212646484375,342.619873046875,568.5712280273438,147.85215759277344,188.68777465820312,352.1141052246094,378.2581481933594,50.033485412597656,111.47904205322266,149.67221069335938,807.3382568359375,223.3981170654297,337.7884521484375,939.2001342773438,147.0707550048828,68.9763412475586,565.2138061523438,270.05517578125,254.48153686523438,230.22999572753906,165.81689453125,166.4007110595703,106.2454605102539,302.333740234375
2025-10-23,88.49340057373047,247.9158172607422,141.94200134277344,280.2527160644531,238.84829711914062,262.6363525390625,57.58330154418945,37.05276107788086,454.9042053222656,113.09478759765625,388.9444274902344,258.52349853515625,35.851497650146484,138.01380920410156,122.39732360839844,87.04000091552734,158.73251342773438,106.70923614501953,169.8865966796875,33.72999954223633,219.6077117919922,235.93214416503906,344.318603515625,283.88104248046875,308.4774169921875,673.7999877929688,153.18572998046875,249.93492126464844,45.740699768066406,690.7484130859375,258.6246337890625,516.3119506835938,252.4235382080078,221.08999633789062,731.5186157226562,181.72462463378906,290.4161071777344,343.2151184082031,570.969482421875,147.86187744140625,188.2281494140625,351.10107421875,374.42669677734375,50.679710388183594,112.71327209472656,150.62466430664062,815.8942260742188,222.97805786132812,341.7489929199219,936.58544921875,145.6099395751953,68.12887573242188,569.9072875976562,277.3943786621094,252.9049072265625,234.99000549316406,166.56138610839844,167.84335327148438,105.9677963256836,299.2724914550781
2025-10-24,87.96102142333984,250.31809997558594,145.77960205078125,283.00897216796875,245.63320922851562,260.81817626953125,57.89540481567383,37.9746208190918,461.9859619140625,120.68436431884766,391.3016357421875,258.33050537109375,35.88011932373047,139.36785888671875,126.04444885253906,88.77999877929688,157.83938598632812,106.88388061523438,170.2150115966797,33.11000061035156,217.3628387451172,239.24688720703125,379.2063903808594,281.70343017578125,310.7916259765625,673.7999877929688,154.55084228515625,251.9185333251953,46.47372055053711,696.341552734375,261.85272216796875,519.3370361328125,259.2458190917969,224.2100067138672,735.8638305664062,185.81480407714844,296.2334899902344,344.6238708496094,570.8699340820312,149.1697540283203,186.20375061035156,353.0978698730469,376.03125,51.472808837890625,112.13988494873047,149.66258239746094,820.276611328125,222.7240753173828,351.5163879394531,926.73291015625,145.6483917236328,67.90483093261719,570.4952392578125,280.62322998046875,252.68675231933594,252.9199981689453,165.49362182617188,164.860595703125,105.28355407714844,298.1220703125
2025-10-27,88.09904479980469,250.8946533203125,149.12521362304688,283.00897216796875,248.7798309326172,262.272705078125,58.22701644897461,37.78628158569336,463.7563781738281,119.9853286743164,391.69451904296875,258.52349853515625,35.63207244873047,139.561279296875,122.2514419555664,89.62000274658203,159.37757873535156,107.62612915039062,170.68418884277344,33.54999923706055,217.5580291748047,241.39173889160156,377.6205749511719,287.84033203125,313.4012451171875,673.2000122070312,155.33091735839844,251.9185333251953,46.13164520263672,700.736083984375,267.8206787109375,527.1824951171875,268.571533203125,226.97000122070312,748.2817993164062,191.03231811523438,299.8915710449219,345.06036376953125,569.5662841796875,148.4360809326172,186.10595703125,356.4876403808594,374.6600646972656,51.913421630859375,112.67440032958984,149.3931884765625,821.2305908203125,222.7631378173828,359.3778991699219,924.4561767578125,146.68634033203125,68.24576568603516,561.8057861328125,278.7116394042969,253.32135009765625,259.6700134277344,183.85133361816406,165.13352966308594,103.5977554321289,302.22650146484375
2025-10-28,90.26799774169922,250.5102996826172,144.64801025390625,285.3714904785156,250.4514617919922,262.9999694824219,59.12431716918945,38.004356384277344,452.83868408203125,119.1864242553711,390.3194580078125,253.11947631835938,35.612998962402344,136.90158081054688,122.543212890625,89.54000091552734,159.12948608398438,107.58246612548828,170.59036254882812,33.189998626708984,217.85084533691406,239.1494140625,371.8720397949219,279.9217529296875,311.7763671875,656.7999877929688,152.6981964111328,251.16285705566406,45.63318634033203,702.533935546875,268.0099792480469,537.6464233398438,266.7762145996094,229.25,748.8997192382812,200.54953002929688,301.0845947265625,344.14764404296875,563.167724609375,148.0741424560547,182.8102264404297,358.2993469238281,375.1268615722656,51.766544342041016,111.7900161743164,148.2867889404297,814.9600830078125,222.28443908691406,370.2173156738281,918.7991943359375,144.2740478515625,68.34318542480469,555.6773071289062,278.1470947265625,252.1215362548828,258.010009765625,177.33697509765625,162.69664001464844,102.30860137939453,298.7167663574219
2025-10-29,93.77776336669922,252.0477294921875,143.122802734375,284.3871154785156,241.60159301757812,263.2727355957031,57.97343063354492,37.86558532714844,447.7240905761719,117.58861541748047,390.0248107910156,253.6019744873047,35.4969596862793,136.12786865234375,122.00830078125,89.13999938964844,160.27072143554688,108.36837768554688,169.74583435058594,32.63999938964844,219.51010131835938,237.9794921875,366.1234436035156,280.91156005859375,309.95458984375,651.2000122070312,166.0568389892578,248.61251831054688,45.691829681396484,699.3378295898438,268.7073974609375,537.1305541992188,273.8577880859375,230.3000030517578,749.1289672851562,206.54515075683594,301.2325134277344,338.5722351074219,551.8731689453125,145.53074645996094,182.48751831054688,346.0456848144531,367.6291809082031,51.482601165771484,113.1700210571289,149.22003173828125,808.431396484375,219.9398956298828,383.13128662109375,907.1272583007812,140.46827697753906,66.58003997802734,556.3549194335938,272.6699523925781,249.3450927734375,264.3299865722656,175.02513122558594,156.21449279785156,101.60453033447266,294.768310546875
2025-10-30,95.0988540649414,251.18292236328125,143.36880493164062,283.69805908203125,244.2565460205078,264.2727355957031,57.46625900268555,37.32040023803711,449.1011047363281,116.68984985351562,391.69451904296875,253.40899658203125,36.125484466552734,135.78933715820312,123.56440734863281,90.08000183105469,162.0074005126953,109.06697082519531,171.2941131591797,33.189998626708984,219.6077117919922,238.4669647216797,368.7004089355469,281.1095275878906,311.5301818847656,649.4000244140625,168.10450744628906,248.51805114746094,45.83013916015625,703.53271484375,270.401123046875,521.4695434570312,280.7499084472656,222.86000061035156,664.2169189453125,202.4050750732422,305.10748291015625,342.29248046875,550.9774780273438,146.3231201171875,184.88351440429688,335.8082580566406,369.09759521484375,51.9232063293457,111.45960998535156,147.69993591308594,839.2071533203125,222.92919921875,373.6914978027344,914.8423461914062,141.8041534423828,67.19374084472656,554.272216796875,254.4358367919922,254.49142456054688,254.83999633789062,173.64389038085938,156.45819091796875,101.37646484375,294.8463439941406
2025-10-31,94.44817352294922,251.7594757080078,140.46600341796875,283.99334716796875,240.91326904296875,262.7272644042969,57.64181900024414,36.785125732421875,446.5437927246094,116.39026641845703,388.15869140625,251.76849365234375,36.048126220703125,135.59591674804688,123.27263641357422,89.81999969482422,161.06463623046875,108.89231872558594,170.2150115966797,34.56999969482422,217.94845581054688,236.8095703125,364.9341125488281,275.96246337890625,308.7728576660156,635.2000122070312,167.32444763183594,245.2120361328125,44.753292083740234,704.5314331054688,269.37493896484375,513.5843505859375,280.46063232421875,244.22000122070312,646.1581420898438,202.0060272216797,306.7639465332031,338.0365295410156,549.2957763671875,147.09591674804688,184.70745849609375,332.7010192871094,369.13653564453125,52.334442138671875,111.13890075683594,151.74069213867188,857.4520874023438,213.00387573242188,366.9020080566406,907.4450073242188,140.4010009765625,67.11579895019531,565.4031372070312,260.1011657714844,258.2198181152344,256.1199951171875,177.20962524414062,158.7889862060547,100.33522033691406,290.9466247558594
2025-11-03,96.10446166992188,248.10801696777344,138.8424072265625,280.9417724609375,244.35488891601562,263.5454406738281,59.241355895996094,36.031776428222656,438.7735595703125,116.63992309570312,389.2390441894531,250.89999389648438,35.75803756713867,133.12965393066406,120.74396514892578,89.36000061035156,161.21348571777344,108.76133728027344,169.9804229736328,34.31999969482422,216.87481689453125,231.73995971679688,361.1678161621094,272.7950439453125,310.1022644042969,641.7999877929688,166.64187622070312,246.25106811523438,44.26920700073242,695.7422485351562,268.05975341796875,512.8107299804688,282.98406982421875,254.0,635.55419921875,206.3855438232422,305.01873779296875,334.22698974609375,541.4144287109375,144.79708862304688,182.15499877929688,325.1325378417969,367.9306640625,52.4421501159668,110.5558090209961,148.20021057128906,890.9111938476562,207.06431579589844,359.87420654296875,923.9620361328125,138.0079803466797,66.20988464355469,562.90185546875,255.3866424560547,259.1419982910156,259.6499938964844,177.0333251953125,158.7889862060547,100.7417984008789,288.9382629394531
2025-11-04,93.73832702636719,247.62754821777344,137.66159057617188,276.41363525390625,242.87991333007812,265.7272644042969,56.10080337524414,35.6253662109375,437.8883361816406,115.092041015625,386.98004150390625,252.44400024414062,35.83539962768555,132.5977325439453,120.98710632324219,86.83999633789062,160.915771484375,109.59091186523438,169.8396759033203,34.0099983215332,216.19158935546875,224.33053588867188,356.8068542480469,265.07440185546875,309.36370849609375,630.4000244140625,163.2290802001953,245.40093994140625,43.676448822021484,686.9530639648438,269.0461730957031,510.1327819824219,276.8200988769531,249.32000732421875,625.1992797851562,198.21511840820312,304.9201354980469,337.6000061035156,550.0520629882812,143.96559143066406,182.74179077148438,322.24932861328125,372.5303649902344,52.42256164550781,110.92509460449219,147.5748291015625,901.1763916015625,210.90353393554688,349.342529296875,936.606201171875,137.33522033691406,66.88201904296875,563.2606201171875,245.7991180419922,252.30003356933594,250.0500030517578,169.31405639648438,156.72372436523438,101.4161148071289,291.70703125
2025-11-05,92.55525970458984,253.20083618164062,138.74400329589844,283.3042907714844,252.3197784423828,265.0909118652344,56.45192337036133,36.54722595214844,441.1341247558594,114.94224548339844,390.22125244140625,253.89149475097656,35.990108489990234,135.06398010253906,121.2302474975586,86.23999786376953,155.6561279296875,108.93598175048828,169.9804229736328,27.469999313354492,213.84912109375,219.8458709716797,356.8068542480469,265.4703674316406,311.6778869628906,631.4000244140625,164.3016815185547,246.8177947998047,44.0321044921875,681.5597534179688,269.14581298828125,503.02130126953125,283.572509765625,250.1999969482422,633.8001098632812,194.74343872070312,307.31610107421875,337.34210205078125,550.609375,142.61563110351562,181.9007110595703,319.2394714355469,363.54486083984375,51.35531234741211,110.47805786132812,146.87254333496094,920.0076293945312,211.7632293701172,356.33056640625,930.92138671875,137.29678344726562,66.73590087890625,565.6522827148438,247.91868591308594,250.55482482910156,256.3299865722656,176.0537109375,160.8640899658203,100.622802734375,298.00506591796875
2025-11-06,92.75244140625,250.99075317382812,137.61241149902344,282.71368408203125,250.94313049316406,266.6363525390625,56.783531188964844,36.32915496826172,437.6916198730469,114.59272766113281,389.0426330566406,253.89149475097656,36.31887435913086,135.692626953125,122.34870147705078,84.13999938964844,159.17909240722656,110.28949737548828,171.57562255859375,27.559999465942383,213.0682830810547,218.18849182128906,349.8689270019531,251.21690368652344,309.8560791015625,627.2000122070312,160.88888549804688,235.19952392578125,43.77524185180664,669.9739990234375,268.7771301269531,493.04339599609375,284.0113830566406,243.0399932861328,616.8475952148438,187.63047790527344,309.0317687988281,334.2864990234375,550.5794677734375,142.9482421875,182.849365234375,313.2197265625,358.90625,52.17778396606445,111.27495574951172,147.14190673828125,931.5647583007812,213.98077392578125,352.9656066894531,919.5216674804688,136.06663513183594,67.27165222167969,563.998046875,241.47088623046875,237.25762939453125,237.6999969482422,169.66671752929688,158.71031188964844,100.8310546875,290.9271545410156
2025-11-07,91.21444702148438,250.8946533203125,136.1855926513672,281.33551025390625,250.94313049316406,263.2727355957031,57.77836608886719,35.88309097290039,433.7572937011719,114.59272766113281,387.5693664550781,258.1374816894531,36.84103012084961,139.31948852539062,121.03573608398438,82.87999725341797,157.9385986328125,109.15428924560547,169.6520233154297,27.690000534057617,212.09225463867188,219.45590209960938,344.91326904296875,248.2474365234375,309.2624816894531,634.0,157.3785858154297,228.68194580078125,43.65668869018555,667.177490234375,267.48193359375,492.7657165527344,278.1067199707031,244.41000366210938,619.6082153320312,187.70030212402344,309.8106689453125,333.3539733886719,549.27587890625,143.7797088623047,182.4581756591797,315.801025390625,360.8900451660156,52.08966064453125,113.91834259033203,149.14305114746094,918.57666015625,214.0980224609375,346.8510437011719,918.6852416992188,137.38328552246094,68.72307586669922,570.4055786132812,236.97422790527344,237.8625030517578,233.5399932861328,167.40383911132812,157.89404296875,101.73343658447266,292.14581298828125
2025-11-10,91.05670928955078,253.77740478515625,137.85841369628906,285.3714904785156,254.18807983398438,266.1817932128906,57.36872863769531,37.11223602294922,438.380126953125,116.14060974121094,392.5784912109375,255.4355010986328,36.52193832397461,137.8203887939453,122.543212890625,84.04000091552734,159.67527770996094,109.80921936035156,171.01260375976562,28.5,211.40902709960938,226.28038024902344,349.0760498046875,250.8209686279297,312.0820617675781,646.4000244140625,160.10882568359375,229.62652587890625,44.53594970703125,671.7717895507812,268.6986083984375,501.8707580566406,289.3475036621094,248.39999389648438,629.624267578125,198.5742645263672,312.45318603515625,332.1932373046875,550.2610473632812,142.3319549560547,184.2576141357422,313.23919677734375,360.228759765625,52.3050651550293,114.89018249511719,149.74916076660156,960.5817260742188,213.65841674804688,355.7449645996094,911.536865234375,137.06614685058594,68.69384765625,574.3316650390625,238.52926635742188,239.67710876464844,243.97999572753906,168.06997680664062,157.9235382080078,101.56486511230469,291.5998229980469
2025-11-11,92.55525970458984,257.332763671875,140.5644073486328,287.5371398925781,236.97999572753906,268.18182373046875,57.46625900268555,37.716896057128906,448.60931396484375,118.08792877197266,399.3555603027344,256.69000244140625,36.50259780883789,138.88427734375,123.9048080444336,83.76000213623047,162.15625,111.11907196044922,173.030029296875,28.799999237060547,215.31317138671875,232.4224090576172,356.6086120605469,252.8006134033203,316.92974853515625,650.7999877929688,161.8639678955078,230.19326782226562,44.921241760253906,675.567138671875,274.5028076171875,504.5289306640625,290.5543518066406,249.10000610351562,624.9601440429688,192.69833374023438,311.2009582519531,336.2309875488281,555.6246948242188,145.3057403564453,189.55816650390625,318.9570007324219,363.933837890625,52.510684967041016,116.4062271118164,150.31680297851562,982.4240112304688,219.9691925048828,349.3623962402344,909.8443603515625,139.43032836914062,69.75562286376953,584.4362182617188,233.89395141601562,242.44361877441406,237.52000427246094,170.43080139160156,157.08761596679688,102.57635498046875,299.135986328125
2025-11-12,93.2453842163086,257.9093017578125,141.6468048095703,288.7183532714844,233.34170532226562,271.81817626953125,58.69517135620117,37.88541030883789,448.8060302734375,116.39026641845703,400.43597412109375,257.5585021972656,36.87004089355469,140.3350067138672,123.66166687011719,84.19999694824219,164.24026489257812,112.34159088134766,175.23513793945312,29.920000076293945,215.89877319335938,238.4669647216797,362.5553894042969,252.20672607421875,318.2158508300781,650.5999755859375,163.52162170410156,231.5156707763672,44.931121826171875,680.3612670898438,272.7276611328125,506.9688720703125,285.96630859375,244.1999969482422,606.951171875,193.33680725097656,315.92388916015625,336.8572082519531,558.4906005859375,144.78729248046875,190.1058349609375,330.2658386230469,360.9095153808594,52.98066711425781,114.79299926757812,147.50750732421875,1011.4013061523438,227.84303283691406,352.59832763671875,909.9837036132812,138.76719665527344,69.65821838378906,585.9608764648438,224.8214569091797,243.9508514404297,258.8900146484375,173.06593322753906,160.3920135498047,102.57635498046875,299.24322509765625
2025-11-13,92.5355453491211,257.2366943359375,138.74400329589844,284.2886657714844,235.99667358398438,270.45452880859375,59.45592498779297,37.459171295166016,446.74053955078125,113.4942398071289,396.9983215332031,255.72499084472656,36.35755157470703,139.27113342285156,122.49458312988281,83.08000183105469,164.38912963867188,112.60356140136719,175.04747009277344,30.25,214.43472290039062,228.1327362060547,353.0405578613281,248.84132385253906,317.1770935058594,641.7999877929688,161.4739532470703,233.78265380859375,44.82244873046875,664.7803955078125,272.2090759277344,499.1828918457031,277.8474426269531,237.5800018310547,607.8282470703125,186.41339111328125,305.1469421386719,334.0738830566406,552.8582763671875,144.73838806152344,190.94686889648438,323.8954772949219,357.93377685546875,51.766544342041016,115.44412231445312,149.68182373046875,1016.4593505859375,226.92474365234375,337.4707946777344,921.0150756835938,139.37266540527344,69.22960662841797,578.0985107421875,215.49148559570312,238.40785217285156,247.9600067138672,170.94020080566406,159.54624938964844,101.68386840820312,299.8671875
2025-11-14,91.64823913574219,256.0835876464844,136.87440490722656,283.69805908203125,235.1116943359375,266.45452880859375,59.94358825683594,32.59215545654297,443.6914367675781,112.44567108154297,394.3464050292969,252.3474884033203,35.845069885253906,138.255615234375,118.75020599365234,80.58000183105469,161.9081573486328,110.85709381103516,171.90402221679688,28.8700008392334,210.1401824951172,226.76785278320312,350.265380859375,250.8209686279297,315.6930847167969,633.7999877929688,157.96363830566406,235.67181396484375,43.85427474975586,670.7730102539062,271.6705017089844,506.01666259765625,275.6930236816406,234.69000244140625,607.399658203125,189.71546936035156,299.3591003417969,328.0500793457031,543.0663452148438,144.45469665527344,191.6118621826172,313.511962890625,352.3810119628906,51.5119743347168,116.94403839111328,151.6444854736328,1020.3505249023438,226.99314880371094,339.9324951171875,918.9242553710938,140.17034912109375,69.31729125976562,576.6835327148438,220.72103881835938,241.61070251464844,246.80999755859375,170.43080139160156,156.69422912597656,101.62437438964844,299.3309631347656
2025-11-17,90.97783660888672,253.585205078125,136.23480224609375,280.35113525390625,233.24337768554688,264.2727355957031,60.33372116088867,32.572330474853516,439.068603515625,110.39849090576172,391.0069885253906,252.63697814941406,35.95143127441406,136.32127380371094,117.97216033935547,79.5,160.1218719482422,110.63878631591797,170.2150115966797,27.260000228881836,207.11447143554688,226.08538818359375,344.91326904296875,249.83114624023438,311.8347473144531,622.5999755859375,155.62344360351562,235.388427734375,42.925621032714844,670.7730102539062,266.73394775390625,503.3486022949219,284.2806701660156,232.8699951171875,599.9747924804688,186.1540069580078,296.1644592285156,323.8055725097656,534.2296142578125,142.64498901367188,195.1814422607422,312.20672607421875,348.1702575683594,50.40555953979492,115.36568450927734,148.95065307617188,1016.7877807617188,228.5952606201172,340.1210632324219,908.5799560546875,142.0732421875,68.8497085571289,565.1738891601562,217.75958251953125,235.0364532470703,240.52000427246094,163.34829711914062,152.426025390625,102.09043884277344,297.25439453125
2025-11-18,89.08493041992188,250.79855346679688,133.5780029296875,272.7714538574219,229.70343017578125,259.0909118652344,58.89023971557617,31.62073516845703,428.6427001953125,108.45115661621094,379.51544189453125,248.197998046875,35.545310974121094,134.58038330078125,115.297607421875,78.08000183105469,157.54165649414062,108.23739624023438,165.89865112304688,26.34000015258789,202.13670349121094,221.01577758789062,334.40728759765625,243.8922119140625,304.6126708984375,617.2000122070312,151.91812133789062,226.3205108642578,42.07600021362305,641.4092407226562,266.7140197753906,489.7604064941406,283.5426025390625,222.5500030517578,595.6694946289062,180.92652893066406,295.2178955078125,319.2628479003906,525.0049438476562,143.78952026367188,195.59217834472656,305.4466857910156,327.2137451171875,50.56222152709961,116.68914031982422,149.44679260253906,1025.0975341796875,228.46824645996094,337.9869689941406,891.1469116210938,142.9766387939453,69.37572479248047,574.0128784179688,218.38357543945312,231.53614807128906,230.2899932861328,161.69276428222656,154.71746826171875,100.54346466064453,296.9521789550781
2025-11-19,88.51311492919922,257.332763671875,134.46359252929688,274.1495666503906,232.2600555419922,258.81817626953125,59.82655334472656,31.76942253112793,426.675537109375,109.49971771240234,383.9352722167969,248.58399963378906,35.332576751708984,136.6448211669922,116.31879425048828,79.26000213623047,157.6905059814453,107.75711822509766,166.03939819335938,26.479999542236328,202.72232055664062,222.08819580078125,339.5611877441406,243.29832458496094,305.3546447753906,629.2000122070312,153.47824096679688,228.30410766601562,43.933311462402344,645.8038330078125,267.8309631347656,483.14483642578125,292.0505065917969,222.69000244140625,588.3243408203125,186.07420349121094,299.02386474609375,322.1853332519531,527.7713623046875,143.78952026367188,198.04685974121094,301.07318115234375,325.2882385253906,50.934288024902344,115.04218292236328,147.57894897460938,1044.5535888671875,227.53042602539062,351.80426025390625,886.6865234375,141.38128662109375,69.2685775756836,571.7807006835938,223.3754119873047,225.96340942382812,223.5500030517578,162.72134399414062,154.49127197265625,99.76998138427734,295.1485595703125
2025-11-20,89.34126281738281,255.69921875,135.3000030517578,274.7402038574219,233.9316864013672,261.7272644042969,59.98260498046875,31.600910186767578,427.9542236328125,109.94910430908203,384.03350830078125,247.32948303222656,35.3519172668457,136.5465087890625,114.81132507324219,79.0999984741211,160.0226287841797,108.7176742553711,168.47909545898438,26.5,201.648681640625,221.50323486328125,339.7593994140625,244.28814697265625,309.55926513671875,624.7999877929688,154.0633087158203,227.54844665527344,43.00465393066406,658.1885375976562,265.5272521972656,475.41387939453125,288.6991882324219,217.13999938964844,587.1583862304688,180.20826721191406,294.20233154296875,321.8373718261719,525.3035278320312,144.96337890625,198.5945281982422,303.45965576171875,323.2266540527344,49.935577392578125,114.71866607666016,146.2266845703125,1038.27392578125,224.1503448486328,344.2602844238281,889.36474609375,140.41061401367188,69.36598205566406,570.734375,208.6772003173828,223.47451782226562,206.02000427246094,156.33438110351562,150.79347229003906,106.21570587158203,296.532958984375
2025-11-21,88.7891616821289,258.8702392578125,135.15240478515625,272.7714538574219,234.1283721923828,260.6363525390625,59.807044982910156,31.76942253112793,425.2985534667969,110.04896545410156,383.05133056640625,251.76849365234375,35.95143127441406,138.7583770751953,117.43724822998047,82.31999969482422,160.4691925048828,109.76555633544922,168.0568389892578,26.5,202.62472534179688,222.77064514160156,339.16473388671875,244.68408203125,309.1635437011719,632.0,151.7230987548828,226.4149627685547,43.4591064453125,646.403076171875,270.75299072265625,469.1436767578125,298.88275146484375,220.69000244140625,592.2410888671875,178.4524688720703,293.84735107421875,326.02227783203125,537.7623291015625,147.63394165039062,199.40621948242188,311.6709899902344,333.8653564453125,50.48388671875,114.7774887084961,145.90567016601562,1054.60498046875,230.8225860595703,337.6891784667969,895.0596313476562,140.63165283203125,71.06092071533203,585.4227294921875,196.86114501953125,225.19989013671875,203.77999877929688,159.9686737060547,156.76304626464844,104.44065856933594,301.5928039550781
2025-11-24,88.96662139892578,263.38653564453125,135.7427978515625,276.6105041503906,237.37330627441406,264.2727355957031,61.6601676940918,32.89944076538086,425.2985534667969,111.84649658203125,387.96221923828125,250.80348205566406,35.932090759277344,139.0532989501953,116.85370635986328,85.80000305175781,162.75169372558594,111.68667602539062,169.79275512695312,27.049999237060547,205.55282592773438,226.37786865234375,340.7505187988281,248.64337158203125,312.477783203125,638.0,153.5757598876953,228.87086486816406,43.77524185180664,659.1873168945312,275.1709899902344,471.0118103027344,317.75360107421875,226.27999877929688,610.9775390625,182.1136932373047,293.8276672363281,327.3343811035156,535.2247314453125,143.7797088623047,201.5088653564453,310.7748718261719,327.31097412109375,50.846168518066406,113.68932342529297,145.68191528320312,1065.0147705078125,224.20896911621094,375.17047119140625,882.2261962890625,139.833984375,70.71025085449219,584.0177612304688,198.36663818359375,224.91232299804688,215.0500030517578,161.69276428222656,158.59228515625,103.19116973876953,297.25439453125
2025-11-25,89.63702392578125,270.6894836425781,139.77720642089844,279.2683410644531,239.43829345703125,266.272705078125,62.9280891418457,33.305850982666016,433.95404052734375,111.69670104980469,392.8731384277344,252.82998657226562,36.50259780883789,140.92111206054688,118.50706481933594,85.63999938964844,164.73648071289062,112.99651336669922,171.57562255859375,27.25,206.0408477783203,228.522705078125,344.1203918457031,248.84132385253906,316.8802795410156,638.7999877929688,155.62344360351562,234.1604766845703,44.417396545410156,657.1898193359375,276.2181701660156,473.9829406738281,322.60101318359375,229.6699981689453,634.0691528320312,177.39500427246094,298.7576599121094,332.5331726074219,543.8026733398438,145.25685119628906,203.39845275878906,317.8173522949219,341.4019470214844,51.38468551635742,112.25802612304688,144.49505615234375,1104.6033935546875,226.44607543945312,382.18829345703125,890.400146484375,140.42022705078125,70.729736328125,595.6868286132812,195.14767456054688,232.15090942382812,206.1300048828125,159.9686737060547,159.09385681152344,106.10663604736328,302.66522216796875
2025-11-26,89.99195098876953,271.93865966796875,138.8424072265625,281.72930908203125,240.81492614746094,271.3636169433594,64.68367767333984,33.39506530761719,434.4458312988281,111.79656219482422,394.8375244140625,253.3125,36.47359085083008,141.2651824951172,117.87489318847656,84.83999633789062,166.47315979003906,114.3936996459961,174.2498779296875,27.239999771118164,208.57852172851562,229.20516967773438,348.08489990234375,250.425048828125,318.1664123535156,640.0,154.25831604003906,231.61012268066406,43.992584228515625,669.9739990234375,276.79656982421875,482.4393005371094,319.1201171875,229.16000366210938,631.4680786132812,179.82916259765625,303.33270263671875,331.7975769042969,542.2702026367188,145.02206420898438,204.27435302734375,321.1583557128906,345.6807861328125,51.88404083251953,112.51292419433594,145.4484405517578,1099.0303955078125,222.40170288085938,394.6357727050781,904.2689208984375,142.2174072265625,70.99273681640625,591.1725463867188,203.00193786621094,226.2311248779297,214.24000549316406,161.7711181640625,162.61463928222656,108.18909454345703,304.5663146972656
2025-11-27,90.14969635009766,273.3800354003906,140.90879821777344,280.154296875,241.20826721191406,272.1817932128906,63.8839111328125,33.49419021606445,436.7080383300781,111.89643096923828,393.5606689453125,252.3474884033203,36.589622497558594,140.77365112304688,118.84745788574219,87.36000061035156,166.87010192871094,115.00495910644531,176.03273010253906,28.270000457763672,210.33538818359375,229.7901153564453,346.8955383300781,252.20672607421875,319.4525146484375,650.0,154.9408721923828,230.4766387939453,44.654502868652344,674.1688842773438,,,,,,,,,,,,,,,,,,,,,,,,,,,,,,
2025-11-28,89.7947769165039,271.7464599609375,141.9912109375,280.646484375,242.87991333007812,272.9999694824219,64.56663513183594,34.59447479248047,438.380126953125,110.24869537353516,389.6319580078125,252.05799865722656,36.647640228271484,141.5601043701172,119.28511810302734,87.69999694824219,165.77847290039062,114.30636596679688,176.26731872558594,28.75,209.749755859375,220.0408477783203,344.1203918457031,252.40469360351562,317.9685363769531,645.2000122070312,156.7935333251953,228.77639770507812,44.55570602416992,680.56103515625,278.0930480957031,488.9082946777344,319.3495178222656,233.22000122070312,645.759521484375,176.5769500732422,308.6965026855469,332.4437255859375,547.8429565429688,144.9340362548828,203.64450073242188,321.216796875,347.0908508300781,52.5302734375,113.64029693603516,147.02442932128906,1070.2991943359375,222.44076538085938,399.9859619140625,909.5755615234375,142.9478302001953,71.22652435302734,588.7610473632812,200.02069091796875,228.6010284423828,217.52999877929688,164.6609649658203,165.48634338378906,109.58732604980469,304.0008544921875
2025-12-01,89.97223663330078,271.8425598144531,142.6800079345703,282.02459716796875,243.46990966796875,276.3636169433594,64.66417694091797,34.59447479248047,438.47845458984375,109.05033111572266,386.5871887207031,254.08448791503906,36.62830352783203,145.49232482910156,117.92353057861328,85.77999877929688,167.3662872314453,115.39791107177734,177.72174072265625,28.290000915527344,210.8234100341797,220.72329711914062,341.74163818359375,248.64337158203125,315.5941467285156,653.4000244140625,158.1586456298828,226.88723754882812,44.634742736816406,672.9703369140625,282.3315124511719,483.6715087890625,314.0732421875,233.8800048828125,638.7034912109375,179.48997497558594,304.59478759765625,328.41790771484375,541.3148803710938,144.22972106933594,202.08950805664062,314.8269348144531,347.4895324707031,52.128822326660156,114.33634185791016,148.3961181640625,1052.8037109375,219.91058349609375,383.23052978515625,907.9526977539062,143.6878204345703,70.5791015625,583.1009521484375,199.0203399658203,230.87176513671875,219.75999450683594,164.61196899414062,165.37814331054688,110.59880828857422,297.73370361328125
2025-12-02,89.97223663330078,271.5543212890625,142.23721313476562,283.8949279785156,243.07656860351562,279.0909118652344,64.56663513183594,34.21780014038086,437.494873046875,108.05170440673828,386.0960998535156,252.44400024414062,36.773338317871094,144.41094970703125,116.8050765991211,84.83999633789062,168.60678100585938,115.7472152709961,178.1439971923828,28.100000381469727,206.72406005859375,221.50323486328125,339.16473388671875,244.28814697265625,316.4350891113281,641.2000122070312,155.13589477539062,225.8482208251953,44.26920700073242,675.1676025390625,285.4131164550781,486.91094970703125,314.9908142089844,234.4199981689453,644.912353515625,181.02630615234375,303.5693359375,327.6524658203125,543.2454223632812,142.6841278076172,202.16822814941406,316.1224670410156,344.2804260253906,52.07986831665039,113.11092376708984,146.1683349609375,1041.0904541015625,219.1876678466797,378.75384521484375,917.9784545898438,142.82289123535156,69.323486328125,578.3377075195312,199.17881774902344,232.7359619140625,215.24000549316406,167.2177276611328,172.36068725585938,111.4714584350586,294.9385070800781
2025-12-03,89.18351745605469,268.67156982421875,143.91000366210938,285.9621276855469,242.87991333007812,275.5454406738281,65.24937438964844,34.52508544921875,441.9209899902344,108.05170440673828,385.01568603515625,249.93499755859375,36.6766471862793,142.73976135253906,118.21530151367188,84.73999786376953,168.1602020263672,115.61621856689453,176.8772430419922,28.1299991607666,205.06480407714844,221.79571533203125,341.34521484375,241.3186798095703,315.00054931640625,633.4000244140625,156.50100708007812,226.69833374023438,44.13089370727539,666.9777221679688,283.378662109375,474.7182922363281,318.8008728027344,232.3800048828125,637.4378051757812,179.16078186035156,307.7598571777344,327.64251708984375,551.0272216796875,143.515625,202.0796661376953,330.8990173339844,348.0535583496094,52.96108627319336,115.48333740234375,147.471923828125,1028.5906982421875,224.922119140625,377.8009338378906,918.2074584960938,142.2943115234375,69.4608154296875,578.4174194335938,205.74545288085938,236.7122344970703,217.60000610351562,171.4985809326172,179.5792694091797,113.45476531982422,301.79412841796875
2025-12-04,89.22295379638672,277.22369384765625,149.0760040283203,286.8480529785156,245.5348663330078,275.0909118652344,65.9906234741211,35.218955993652344,459.7237243652344,111.84649658203125,388.45330810546875,251.18948364257812,37.111778259277344,142.3957061767578,120.25768280029297,86.5,167.71363830566406,114.48102569580078,176.8772430419922,28.6299991607666,205.65042114257812,228.23023986816406,349.27423095703125,245.27796936035156,317.37493896484375,621.7999877929688,160.01132202148438,232.55470275878906,45.217620849609375,681.959228515625,279.9380187988281,477.8086853027344,316.796142578125,229.11000061035156,659.2936401367188,182.95188903808594,311.6742248535156,325.1475524902344,539.6630249023438,142.19500732421875,199.2747802734375,324.84033203125,343.7079162597656,53.02962875366211,114.83631134033203,148.12371826171875,1009.6123657226562,223.4274444580078,378.21783447265625,891.9234008789062,141.18907165527344,69.10768127441406,573.2256469726562,212.2824249267578,245.3787384033203,215.97999572753906,171.66595458984375,177.1403045654297,113.88117218017578,302.6081848144531
2025-12-05,88.94690704345703,285.0071105957031,149.02679443359375,286.4543151855469,245.92820739746094,275.5454406738281,66.12716674804688,35.734405517578125,457.7565612792969,110.79793548583984,393.65887451171875,252.25099182128906,37.16979217529297,141.8550262451172,119.62551879882812,86.0199966430664,167.61439514160156,114.78665161132812,177.20565795898438,28.84000015258789,206.13844299316406,219.8458709716797,349.47247314453125,247.2576141357422,319.35357666015625,622.4000244140625,158.6461944580078,234.06602478027344,45.543636322021484,684.95556640625,278.0232238769531,480.1140441894531,320.4366149902344,229.52999877929688,671.1434326171875,181.98414611816406,310.6290588378906,329.2627868652344,542.8573608398438,140.3265838623047,198.73348999023438,322.32720947265625,347.0747985839844,53.09851837158203,114.24811553955078,145.9251251220703,1005.4525146484375,220.85816955566406,387.35986328125,890.7486572265625,140.73587036132812,68.66625213623047,570.7642822265625,215.50135803222656,258.37847900390625,217.97000122070312,172.11886596679688,179.520263671875,114.14891815185547,305.2464599609375
2025-12-08,89.0652084350586,284.62274169921875,150.05999755859375,288.4230651855469,246.2231903076172,276.81817626953125,67.29755401611328,35.65510559082031,455.59271240234375,109.8492431640625,392.2838134765625,248.96998596191406,36.763671875,139.004150390625,119.04197692871094,84.41999816894531,167.8624725341797,114.56834411621094,177.62791442871094,29.290000915527344,202.9175262451172,217.40855407714844,345.7061767578125,241.1207275390625,316.73187255859375,630.0,156.98855590820312,232.649169921875,45.23738098144531,689.7496337890625,277.1356506347656,487.9245300292969,313.1109313964844,226.88999938964844,664.5457763671875,185.1168212890625,310.79669189453125,324.8890686035156,537.8021240234375,135.3278350830078,198.4283905029297,317.3457336425781,342.47467041015625,53.049312591552734,113.6991195678711,144.67018127441406,992.7936401367188,217.96653747558594,398.13970947265625,883.6201171875,141.32786560058594,68.91149139404297,566.2202758789062,218.43309020996094,257.3471984863281,221.11000061035156,172.6111602783203,177.9467315673828,112.61185455322266,303.83416748046875
2025-12-09,89.59758758544922,278.6650695800781,148.09201049804688,287.14337158203125,243.96156311035156,277.4545593261719,67.21952819824219,34.197975158691406,451.1666259765625,108.75074768066406,391.49810791015625,249.74197387695312,36.5799560546875,139.151611328125,118.21530151367188,83.0,167.16781616210938,114.91764068603516,176.830322265625,30.469999313354492,200.08702087402344,214.58126831054688,339.7593994140625,240.328857421875,314.2091064453125,637.4000244140625,156.98855590820312,234.25494384765625,45.494239807128906,680.7607421875,276.42755126953125,488.918212890625,316.4643859863281,227.9199981689453,654.7390747070312,184.53817749023438,296.30255126953125,324.55108642578125,534.9262084960938,136.58975219726562,196.794677734375,317.3261413574219,337.93328857421875,52.69498825073242,115.92448425292969,144.45614624023438,977.4974975585938,217.83956909179688,403.2914123535156,884.5360107421875,140.36708068847656,68.75453186035156,561.0982666015625,219.41363525390625,258.8246765136719,221.6199951171875,173.29055786132812,176.5502166748047,114.09932708740234,304.8149108886719
2025-12-10,88.4145278930664,278.6650695800781,147.45240783691406,286.552734375,242.48658752441406,279.45452880859375,68.48745727539062,34.49534606933594,453.7239074707031,108.70081329345703,391.5963134765625,249.83848571777344,36.27052307128906,138.8075408935547,116.95096588134766,82.5199966430664,167.51515197753906,115.00495910644531,178.61317443847656,30.899999618530273,201.55108642578125,214.3862762451172,338.76824951171875,239.3390350341797,319.897705078125,628.4000244140625,153.67327880859375,231.32675170898438,44.960758209228516,681.5597534179688,278.0232238769531,475.5430603027344,319.58831787109375,231.77999877929688,647.93212890625,183.35096740722656,305.7680969238281,323.78570556640625,536.2297973632812,136.775634765625,203.2705078125,322.003662109375,343.66876220703125,53.22646713256836,117.1891098022461,147.29681396484375,988.8626708984375,219.9789581298828,409.922119140625,870.5676879882812,145.27761840820312,68.87225341796875,571.8005981445312,220.87948608398438,261.9779052734375,221.4199981689453,179.40496826171875,178.66465759277344,112.23503875732422,304.5599365234375
2025-12-11,89.0652084350586,284.4305419921875,147.30479431152344,288.6199645996094,247.10818481445312,285.18182373046875,68.13633728027344,35.11983108520508,455.39599609375,107.95184326171875,395.7214660644531,249.93499755859375,36.434906005859375,139.88890075683594,117.19410705566406,83.5,169.35107421875,116.09650421142578,180.8651885986328,31.09000015258789,204.18637084960938,217.99351501464844,342.13812255859375,242.5064697265625,317.0286865234375,625.7999877929688,151.62559509277344,233.2158966064453,46.452537536621094,683.1577758789062,277.2752685546875,480.422119140625,311.8233947753906,230.27999877929688,650.5034790039062,180.5076141357422,312.9363098144531,343.56689453125,560.6202392578125,137.69515991210938,206.68557739257812,330.2015686035156,349.8642578125,53.69889450073242,117.1891098022461,146.62554931640625,1004.5269775390625,218.80667114257812,403.3708190917969,880.5934448242188,144.63711547851562,67.79320526123047,576.8728637695312,196.9503173828125,260.14349365234375,221.42999267578125,178.47943115234375,178.66465759277344,114.55549621582031,303.75567626953125
2025-12-12,87.86243438720703,284.8149108886719,147.60000610351562,286.552734375,247.0098419189453,281.0,68.11682891845703,35.040531158447266,453.1337890625,108.3512954711914,396.310791015625,253.3125,36.31887435913086,140.38043212890625,116.27017211914062,83.23999786376953,166.82049560546875,113.6077880859375,177.8625030517578,31.049999237060547,205.260009765625,217.89601135253906,346.8955383300781,243.10037231445312,317.57281494140625,629.0,151.13804626464844,234.53831481933594,47.094688415527344,678.5634765625,277.52459716796875,475.5132751464844,308.68951416015625,226.19000244140625,642.0521240234375,174.61141967773438,314.0603332519531,345.7537536621094,569.1384887695312,139.72987365722656,208.23072814941406,335.21246337890625,352.0077209472656,54.269737243652344,116.4832763671875,145.91542053222656,1022.56982421875,218.1619415283203,357.2735290527344,880.5834350585938,146.19955444335938,69.17634582519531,570.2760620117188,188.15512084960938,260.0245056152344,210.77999877929688,175.54527282714844,176.4518585205078,115.96154022216797,310.63092041015625
2025-12-15,88.05960845947266,283.6618347167969,146.17320251464844,288.0293273925781,242.09324645996094,282.3636169433594,67.98027801513672,35.37755584716797,452.83868408203125,108.25143432617188,397.7840576171875,253.89149475097656,36.6766471862793,141.4126434326172,117.0482177734375,82.55999755859375,166.82049560546875,112.9092025756836,178.75392150878906,31.329999923706055,207.50489807128906,218.57846069335938,348.8778076171875,241.1207275390625,319.55145263671875,634.4000244140625,150.84552001953125,237.84432983398438,46.333984375,686.7532958984375,273.3658752441406,471.82666015625,307.62158203125,222.5399932861328,645.8473510742188,175.87843322753906,315.5393371582031,344.81939697265625,566.3521118164062,141.97000122070312,210.7797393798828,334.4868469238281,349.40423583984375,54.45674133300781,115.44412231445312,145.73056030273438,1057.0830078125,222.19654846191406,337.3020324707031,856.7785034179688,146.75271606445312,69.6177749633789,574.3247680664062,183.15338134765625,252.43885803222656,207.5800018310547,176.5003662109375,175.02586364746094,116.05097961425781,312.60223388671875
2025-12-16,88.33565521240234,280.5868835449219,144.35279846191406,286.9465026855469,237.0783233642578,280.7272644042969,67.49261474609375,35.32799530029297,450.87152099609375,107.0031509399414,395.91790771484375,256.1109924316406,36.73466491699219,140.52789306640625,116.95096588134766,82.0,167.8624725341797,112.34159088134766,176.92416381835938,30.479999542236328,208.7737274169922,217.70103454589844,347.0937805175781,239.3390350341797,317.57281494140625,636.5999755859375,149.96795654296875,237.37205505371094,46.34386444091797,680.3612670898438,273.8645324707031,473.3867492675781,305.97479248046875,222.55999755859375,655.462646484375,177.3050994873047,311.1319274902344,343.0500183105469,563.25732421875,142.04827880859375,205.98683166503906,327.7206115722656,345.1858215332031,53.9449462890625,112.42469024658203,142.76341247558594,1049.2210693359375,218.50384521484375,338.78106689453125,856.6093139648438,145.9278106689453,69.02920532226562,568.5906372070312,186.8477325439453,252.7660675048828,209.1699981689453,173.40869140625,174.62265014648438,114.68964385986328,308.4535827636719
2025-12-17,88.33565521240234,279.43377685546875,141.6468048095703,279.85894775390625,233.44003295898438,282.09088134765625,67.66817474365234,34.49534606933594,441.42919921875,105.35540771484375,394.8375244140625,258.0409851074219,37.208473205566406,141.70755004882812,116.95096588134766,80.87999725341797,167.96173095703125,113.73876953125,177.58099365234375,30.8799991607666,208.28570556640625,215.1662139892578,341.93988037109375,238.54718017578125,315.64361572265625,635.0,146.4576416015625,234.9161376953125,45.52388381958008,669.3748168945312,271.10205078125,473.1184387207031,296.1439208984375,221.27000427246094,647.8322143554688,170.5409393310547,310.5699157714844,342.35418701171875,562.7098999023438,144.59165954589844,207.00051879882812,325.2004699707031,349.1693420410156,53.689048767089844,115.10100555419922,145.45816040039062,1036.7811279296875,219.12905883789062,323.61383056640625,858.8594360351562,145.64639282226562,69.323486328125,561.0115966796875,176.75511169433594,255.96893310546875,198.11000061035156,169.6868896484375,171.60342407226562,114.92813110351562,312.56304931640625
2025-12-18,88.84832000732422,282.89306640625,144.79559326171875,290.4902648925781,237.66830444335938,283.7272644042969,68.6044921875,34.82246017456055,449.199462890625,106.65362548828125,399.94488525390625,256.7864990234375,37.36318588256836,143.23129272460938,118.55569458007812,81.86000061035156,169.3014678955078,114.56834411621094,179.03543090820312,31.260000228881836,206.72406005859375,217.89601135253906,345.3097229003906,240.1309051513672,317.62225341796875,624.0,148.40780639648438,236.5219268798828,45.55352020263672,677.764404296875,271.4511413574219,480.9289245605469,301.8727722167969,226.75999450683594,662.7438354492188,173.73345947265625,308.6176452636719,343.94464111328125,563.4463500976562,142.3515167236328,205.0124969482422,321.7781066894531,347.44671630859375,53.40362548828125,114.24811553955078,143.67788696289062,1051.798583984375,217.67349243164062,327.4453125,853.8215942382812,144.95738220214844,69.0193862915039,560.8421020507812,178.3101043701172,256.0940856933594,201.05999755859375,171.5084228515625,173.2753143310547,114.10337829589844,313.5045471191406
2025-12-19,89.14408111572266,282.700927734375,144.8448028564453,291.0809020996094,237.86497497558594,287.0,67.70719146728516,34.683685302734375,453.035400390625,106.85334777832031,400.92706298828125,255.82150268554688,37.32450866699219,143.7228240966797,117.53450012207031,81.26000213623047,170.54196166992188,115.7472152709961,180.8651885986328,31.299999237060547,208.1881103515625,216.43362426757812,348.6795654296875,238.74514770507812,319.650390625,624.7999877929688,146.55516052246094,236.1440887451172,44.723655700683594,682.1589965820312,272.9271240234375,482.856689453125,306.56365966796875,227.35000610351562,657.0784301757812,180.56747436523438,312.7686767578125,347.1653137207031,569.4369506835938,141.3146209716797,203.1031951904297,321.07208251953125,337.66900634765625,54.39768600463867,114.3951644897461,143.7362518310547,1066.28857421875,221.5811004638672,337.84796142578125,851.8602905273438,143.7831268310547,68.72511291503906,566.26708984375,190.1360321044922,258.1400451660156,213.42999267578125,172.55209350585938,173.37364196777344,113.63634490966797,309.767822265625
2025-12-22,89.20323944091797,281.3556213378906,145.53359985351562,292.5574645996094,238.55331420898438,287.272705078125,66.71236419677734,34.485435485839844,453.9206237792969,107.2528076171875,402.3020935058594,254.37399291992188,37.276161193847656,143.62452697753906,117.48587799072266,82.04000091552734,170.49232482910156,115.65988159179688,180.7244415283203,30.59000015258789,207.99290466308594,216.0436553955078,348.6795654296875,243.29832458496094,320.63970947265625,621.7999877929688,144.3124542236328,238.88336181640625,44.901485443115234,684.1565551757812,270.23443603515625,481.86297607421875,309.1785583496094,228.42999267578125,659.8014526367188,183.26116943359375,318.56634521484375,349.98834228515625,572.8900756835938,139.5831298828125,204.03817749023438,318.8558654785156,339.02947998046875,54.9980583190918,115.82645416259766,145.73056030273438,1071.3043212890625,222.6459197998047,339.5784912109375,846.2649536132812,142.70591735839844,68.87225341796875,574.1154174804688,196.48480224609375,262.827880859375,214.9499969482422,171.53794860839844,175.86181640625,111.88748931884766,310.1405334472656
2025-12-23,88.47367858886719,280.49078369140625,145.38600158691406,291.6715087890625,238.45497131347656,289.7272644042969,66.75137329101562,34.5052604675293,453.822265625,106.80341339111328,404.0700378417969,254.08448791503906,37.64360427856445,142.83807373046875,117.09684753417969,82.08000183105469,171.48472595214844,116.48945617675781,180.8651885986328,30.559999465942383,208.1881103515625,216.62860107421875,346.30084228515625,239.93292236328125,321.6290283203125,621.2000122070312,144.60498046875,237.46649169921875,44.83232879638672,687.15283203125,271.62066650390625,483.78082275390625,313.73968505859375,232.13999938964844,663.2325439453125,188.76828002929688,321.3665771484375,351.2706298828125,573.536865234375,140.06246948242188,202.5225372314453,318.5028381347656,337.6396789550781,55.086639404296875,117.07147216796875,146.42124938964844,1066.4876708984375,223.5055694580078,347.40533447265625,851.0338745117188,139.4354705810547,68.53873443603516,578.3436889648438,193.4738311767578,261.63604736328125,214.89999389648438,172.05978393554688,174.15060424804688,110.1982421875,304.86395263671875
2025-12-24,,,,,,,,,,,,,,,,,,,,,,,,,,,,,,,273.06671142578125,484.94342041015625,313.4801940917969,232.3800048828125,665.8358764648438,188.169677734375,324.5612487792969,353.0201721191406,576.6217041015625,141.3439483642578,204.49087524414062,321.22894287109375,339.95928955078125,55.36221694946289,116.87540435791016,146.4115447998047,1071.8018798828125,224.58018493652344,348.3003845214844,868.0289306640625,139.4936981201172,68.77415466308594,577.5260009765625,195.60330200195312,263.4535827636719,215.0399932861328,172.07949829101562,174.19976806640625,110.90374755859375,307.3060607910156
2025-12-26,,,,,,,,,,,,,,,,,,,,,,,,,,,,,,,272.6578369140625,484.6354064941406,312.9013366699219,232.52000427246094,661.5868530273438,190.085205078125,323.31890869140625,352.8809814453125,576.77099609375,141.58851623535156,204.34324645996094,325.39654541015625,342.34747314453125,55.28348159790039,116.767578125,145.94459533691406,1072.5682373046875,224.66810607910156,350.1999206542969,869.5122680664062,139.5325164794922,68.53873443603516,579.1414794921875,196.0985107421875,264.2679748535156,214.99000549316406,172.11886596679688,173.9539031982422,111.0329360961914,304.7070007324219
2025-12-29,88.74972534179688,282.3165283203125,146.27159118652344,294.72308349609375,240.32327270507812,289.0909118652344,67.59015655517578,35.20904541015625,456.5762939453125,108.15157318115234,404.85577392578125,254.37399291992188,37.95302963256836,144.16519165039062,118.31255340576172,83.19999694824219,170.64117431640625,115.96552276611328,181.5220184326172,31.299999237060547,212.38507080078125,218.96844482421875,348.6795654296875,245.6739044189453,324.3991394042969,626.7999877929688,145.77508544921875,237.277587890625,45.928932189941406,686.7532958984375,273.0168762207031,484.02923583984375,312.95123291015625,232.07000732421875,656.9986572265625,187.7805938720703,319.2171325683594,352.4933166503906,575.0792846679688,141.42222595214844,204.27435302734375,322.5625915527344,340.06695556640625,54.47642135620117,118.1596450805664,146.8882293701172,1073.54345703125,225.5082550048828,347.4749755859375,864.026611328125,139.9789276123047,68.82321166992188,583.4595947265625,193.51345825195312,264.4169921875,215.61000061035156,170.76010131835938,172.78358459472656,111.81792449951172,302.5983581542969
2025-12-30,89.32154083251953,284.3344421386719,146.61599731445312,295.90435791015625,241.69992065429688,291.9090881347656,67.94127655029297,35.30816650390625,458.0516662597656,109.34992218017578,407.60589599609375,255.91799926757812,38.078739166259766,144.70587158203125,119.23648834228516,83.68000030517578,172.62596130371094,117.31903839111328,183.07029724121094,31.469999313354492,213.55630493164062,219.7483673095703,348.8778076171875,244.28814697265625,326.8724365234375,629.7999877929688,147.14019775390625,238.31661987304688,45.94868850708008,686.9530639648438,272.3387145996094,484.4068603515625,313.24066162109375,232.52999877929688,664.239990234375,187.1021728515625,318.8917541503906,351.50921630859375,574.6016235351562,140.9135284423828,203.63465881347656,325.7201843261719,338.9903564453125,54.407527923583984,118.610595703125,148.17237854003906,1074.5587158203125,224.43365478515625,347.9324035644531,861.8462524414062,139.9012908935547,68.73491668701172,581.8440551757812,195.3259735107422,264.109130859375,215.33999633789062,170.97671508789062,172.51805114746094,111.21178436279297,302.10797119140625
2025-12-31,,,,,,,,,,,,,,,,,,,,,,,,,,,,,,,271.12200927734375,480.5711669921875,312.3923034667969,230.82000732421875,658.39501953125,186.06460571289062,317.70855712890625,348.6165771484375,568.0935668945312,140.18963623046875,203.6740264892578,323.70989990234375,336.7881164550781,54.1319465637207,117.97337341308594,148.2696533203125,1069.5130615234375,223.2125244140625,344.2029724121094,858.55078125,139.28018188476562,68.57797241210938,577.8551025390625,193.04794311523438,263.10595703125,214.16000366210938,168.416748046875,170.61997985839844,110.70502471923828,299.7541198730469
2026-01-02,87.05400085449219,286.1601867675781,147.15721130371094,297.0855712890625,243.764892578125,295.81817626953125,71.00379943847656,35.82361602783203,460.7073059082031,106.85334777832031,403.87359619140625,252.82998657226562,38.34947967529297,143.47705078125,119.47962951660156,82.0199966430664,175.4542694091797,118.71620178222656,185.7445526123047,30.68000030517578,212.38507080078125,216.72610473632812,337.7771301269531,236.17161560058594,322.469970703125,624.2000122070312,144.99501037597656,243.51177978515625,45.99808883666992,680.7607421875,270.2743225097656,469.95849609375,314.53814697265625,226.5,648.7398681640625,188.4091339111328,320.92291259765625,344.411865234375,560.3814086914062,138.70272827148438,204.06768798828125,329.8779296875,338.47161865234375,55.06695556640625,120.23796081542969,151.6648406982422,1075.1656494140625,224.01358032226562,345.7146301269531,850.7452392578125,138.02828979492188,67.80302429199219,590.8792114257812,193.84030151367188,251.8928680419922,223.47000122070312,170.31703186035156,174.58331298828125,112.04647827148438,297.4296569824219
2026-01-05,88.35537719726562,287.0250244140625,150.25680541992188,300.1371765136719,240.12660217285156,295.0909118652344,71.76455688476562,35.9623908996582,464.2481689453125,106.35403442382812,405.0522155761719,251.47900390625,38.11741256713867,142.83807373046875,118.45844268798828,80.80000305175781,174.9580841064453,118.62889099121094,185.556884765625,30.559999465942383,213.26348876953125,215.3612060546875,333.4161682128906,236.36956787109375,326.5261535644531,617.7999877929688,144.60498046875,245.684326171875,45.27689743041992,699.53759765625,266.5345153808594,469.86907958984375,315.92547607421875,233.05999755859375,657.098388671875,187.68081665039062,329.363037109375,351.6881408691406,565.7947998046875,137.3136444091797,201.0758056640625,335.38897705078125,336.77838134765625,55.99211502075195,122.89466094970703,159.39889526367188,1036.50244140625,215.09445190429688,341.5376892089844,871.891845703125,135.7865447998047,66.6455078125,609.5176391601562,190.75010681152344,254.51487731933594,221.0800018310547,173.5957794189453,174.23910522460938,111.99678802490234,294.09503173828125
2026-01-06,,,,,,,,,,,,,,,,,,,,,,,,,,,,,,,261.6477966308594,475.4933776855469,313.7297058105469,240.92999267578125,658.9236450195312,186.80288696289062,331.41326904296875,355.42572021484375,577.5074462890625,136.86366271972656,201.54820251464844,342.20428466796875,341.8678894042969,56.346435546875,118.66941833496094,152.28746032714844,1058.9241943359375,218.75782775878906,341.8857421875,885.193115234375,134.85491943359375,66.54740142822266,619.011474609375,191.89903259277344,261.10968017578125,214.35000610351562,179.6412353515625,188.922119140625,113.61647033691406,296.9490661621094
2026-01-07,89.9525146484375,293.0787658691406,156.65280151367188,311.75286865234375,242.5849151611328,294.0909118652344,72.27172088623047,36.775211334228516,476.6412658691406,109.15019989013672,421.2582092285156,250.32098388671875,38.01104736328125,144.65672302246094,119.47962951660156,83.05999755859375,172.72518920898438,115.7472152709961,184.47779846191406,31.520000457763672,222.34060668945312,224.6230010986328,349.27423095703125,244.48611450195312,336.96356201171875,620.0,145.9700927734375,254.27996826171875,46.432777404785156,702.1343994140625,259.623291015625,480.422119140625,321.3548889160156,241.55999755859375,647.0242919921875,188.66851806640625,323.8660583496094,353.7557373046875,577.0894165039062,135.0343780517578,204.20547485351562,335.0752258300781,341.6427307128906,54.76184844970703,116.15975952148438,150.98387145996094,1102.762451171875,228.02865600585938,341.6172180175781,878.7017822265625,132.96249389648438,66.25312805175781,615.4512939453125,190.99771118164062,264.3077087402344,210.02000427246094,177.41604614257812,182.63783264160156,112.00672912597656,298.3124084472656
2026-01-08,86.00895690917969,294.71234130859375,153.6024169921875,306.0434265136719,241.10992431640625,296.0,71.9791259765625,36.537315368652344,470.5430603027344,107.75212097167969,415.3651123046875,253.11947631835938,38.3011360168457,145.19740295410156,115.7352523803711,81.91999816894531,173.7672119140625,117.53734588623047,186.26065063476562,30.809999465942383,219.6077117919922,219.3583984375,339.7593994140625,234.9838104248047,333.50091552734375,614.5999755859375,144.40997314453125,252.8631134033203,45.642433166503906,683.1577758789062,258.3368225097656,475.0959167480469,324.80816650390625,246.2899932861328,644.4010620117188,184.60801696777344,326.63934326171875,350.1275329589844,577.2387084960938,138.44837951660156,202.49301147460938,340.1253967285156,351.9196472167969,55.2933235168457,120.49284362792969,154.92384338378906,1079.972412109375,218.95323181152344,330.65765380859375,911.2879028320312,135.25277709960938,68.04826354980469,604.83056640625,187.8381805419922,258.75579833984375,204.67999267578125,179.07017517089844,185.33248901367188,112.35450744628906,302.9416198730469
2026-01-09,85.69347381591797,297.210693359375,155.0784149169922,310.47314453125,244.55154418945312,297.81817626953125,73.13001251220703,37.032936096191406,484.21478271484375,111.34718322753906,422.1421813964844,253.89149475097656,37.740299224853516,145.09910583496094,117.2913589477539,83.05999755859375,173.9160614013672,118.67253875732422,185.79147338867188,31.43000030517578,219.0220947265625,221.60073852539062,345.3097229003906,232.60824584960938,336.96356201171875,620.0,145.48255920410156,253.14646911621094,46.4624137878418,689.5499267578125,258.6659240722656,476.258544921875,327.9320983886719,247.3800048828125,651.3831176757812,184.42843627929688,326.0450744628906,347.68218994140625,573.591064453125,138.78097534179688,201.154541015625,337.3110046386719,366.67919921875,54.96853256225586,122.15940856933594,157.70616149902344,1058.4466552734375,214.99676513671875,343.0791320800781,920.8159790039062,135.77682495117188,69.16653442382812,617.1566162109375,197.14321899414062,258.1698303222656,203.1699981689453,175.0431365966797,187.16172790527344,113.8052749633789,301.41162109375
2026-01-12,85.43714904785156,298.0755310058594,157.04641723632812,311.45751953125,244.15821838378906,297.4545593261719,72.95445251464844,36.904075622558594,486.1819152832031,109.8492431640625,418.70452880859375,253.89149475097656,37.97236633300781,143.03468322753906,116.95096588134766,81.77999877929688,173.9160614013672,118.32324981689453,186.9644012451172,28.8799991607666,214.33712768554688,219.8458709716797,338.1736145019531,234.38992309570312,337.8044738769531,620.4000244140625,143.33737182617188,258.53057861328125,45.711585998535156,696.9407958984375,259.5435485839844,474.1717529296875,331.2156677246094,246.47000122070312,640.321533203125,184.5082550048828,321.3899841308594,341.15142822265625,564.3624877929688,140.33639526367188,206.40017700195312,333.9082946777344,366.97283935546875,54.31894302368164,121.59081268310547,157.92990112304688,1075.802490234375,214.9576873779297,350.27947998046875,938.9359741210938,137.1840057373047,69.15673065185547,613.7560424804688,203.26048278808594,257.63348388671875,207.69000244140625,166.66416931152344,185.94224548339844,117.22350311279297,300.8525695800781
2026-01-13,85.77234649658203,295.38494873046875,155.96400451660156,316.0841064453125,243.46990966796875,301.272705078125,76.46562957763672,36.54722595214844,485.1000061035156,109.54964447021484,422.1421813964844,256.2074890136719,37.21814727783203,141.5601043701172,117.92353057861328,81.4800033569336,175.7519989013672,120.8992919921875,188.3249969482422,28.280000686645508,216.28919982910156,221.40574645996094,327.8658447265625,236.56753540039062,337.65606689453125,611.4000244140625,143.2398681640625,256.2635498046875,45.56339645385742,698.9382934570312,260.34136962890625,467.70281982421875,335.3177185058594,242.60000610351562,629.4695434570312,185.37620544433594,307.9298095703125,325.9228820800781,543.1445922851562,141.09939575195312,210.2679443359375,327.45587158203125,371.67083740234375,53.67920684814453,124.05145263671875,159.4183349609375,1072.0108642578125,215.6512908935547,352.6662902832031,937.7909545898438,139.2413787841797,69.88262176513672,605.4090576171875,200.88705444335938,239.41839599609375,220.97000122070312,162.74542236328125,185.4111785888672,119.59837341308594,303.4908752441406
2026-01-14,85.67375946044922,295.9615173339844,154.1436004638672,318.6435241699219,245.63320922851562,303.1817932128906,73.77372741699219,36.101165771484375,490.3129577636719,106.80341339111328,424.1065368652344,259.5849914550781,38.1657600402832,142.1007843017578,118.45844268798828,81.69999694824219,176.9924774169922,121.90351867675781,187.76199340820312,27.959999084472656,215.31317138671875,223.45309448242188,325.2889099121094,237.35939025878906,338.7937927246094,590.7999877929688,144.40997314453125,255.98019409179688,45.85977554321289,691.3477172851562,259.2543029785156,456.4840087890625,335.1879577636719,236.64999389648438,613.9395141601562,182.7124481201172,304.9287414550781,327.2051696777344,544.9683227539062,143.16343688964844,215.09039306640625,328.46588134765625,367.9613342285156,51.6517219543457,127.63947296142578,162.69677734375,1068.1297607421875,216.7649688720703,338.0270080566406,946.8012084960938,141.6092987060547,70.07881927490234,620.118408203125,192.2672576904297,237.9385528564453,223.60000610351562,162.0069580078125,190.24978637695312,119.28040313720703,302.2060546875
2026-01-15,87.07371520996094,303.1683654785156,161.5727996826172,323.3685302734375,250.8448028564453,314.2727355957031,75.41227722167969,36.86442184448242,500.2471008300781,107.5523910522461,432.65155029296875,261.4184875488281,37.97236633300781,142.24822998046875,117.72901916503906,83.69999694824219,179.225341796875,123.12603759765625,189.357177734375,27.610000610351562,217.6556396484375,227.35279846191406,332.6232604980469,241.91256713867188,344.086669921875,605.4000244140625,145.77508544921875,259.0972900390625,47.559017181396484,707.3280029296875,257.5090637207031,453.7811279296875,332.1338806152344,238.17999267578125,619.2059326171875,186.6133270263672,306.30548095703125,325.79364013671875,540.8125610351562,141.4809112548828,216.09425354003906,332.3883361816406,371.1031494140625,51.75998306274414,126.59051513671875,161.64613342285156,1028.00341796875,211.74368286132812,341.13983154296875,952.5458374023438,142.24008178710938,69.1371078491211,622.9306640625,188.53335571289062,231.93966674804688,227.9199981689453,158.90545654296875,185.99139404296875,118.44572448730469,302.6866149902344
2026-01-16,86.28500366210938,300.1895446777344,164.22959899902344,322.187255859375,250.7464599609375,316.45452880859375,73.87125396728516,36.67608642578125,499.0668029785156,106.054443359375,433.9283752441406,262.47998046875,37.817657470703125,142.73976135253906,117.3399887084961,84.05999755859375,178.58029174804688,123.38801574707031,189.07566833496094,27.459999084472656,217.0700225830078,228.4252166748047,331.8303527832031,240.328857421875,345.6201171875,600.5999755859375,146.4576416015625,262.0254821777344,47.43058776855469,708.926025390625,254.8363494873047,456.9609680175781,329.35931396484375,239.1199951171875,618.6573486328125,185.7952423095703,309.48480224609375,326.34033203125,537.6631469726562,141.38307189941406,215.1986541748047,324.6022644042969,372.0917053222656,52.13398361206055,127.33555603027344,161.743408203125,1033.407470703125,211.08389282226562,349.7822265625,959.375732421875,141.9974822998047,69.09786987304688,617.0169677734375,189.76473999023438,225.56338500976562,231.8300018310547,156.96578979492188,188.4107208251953,118.94255828857422,301.51953125
2026-01-19,85.31884002685547,294.5201416015625,160.58880615234375,315.4934997558594,245.2398681640625,310.9090881347656,72.99346160888672,34.792720794677734,485.9852294921875,101.56061553955078,418.409912109375,262.38348388671875,38.36881637573242,142.05162048339844,115.4434814453125,75.77999877929688,175.20616149902344,121.5978775024414,185.65072631835938,26.31999969482422,207.30967712402344,220.3333282470703,316.56695556640625,229.44081115722656,332.9567565917969,590.2000122070312,140.41212463378906,254.6577911376953,44.1605339050293,694.5437622070312,,,,,,,,,,,,,,,,,,,,,,,,,,,,,,
2026-01-20,85.20052337646484,292.982666015625,162.01559448242188,316.2809753417969,237.9633026123047,310.5454406738281,70.69169616699219,34.376399993896484,488.93597412109375,101.16116333007812,416.9366149902344,261.5149841308594,38.24311828613281,142.3957061767578,112.8661880493164,74.30000305175781,174.41224670410156,121.51055145263672,185.275390625,26.270000457763672,205.06480407714844,215.0687255859375,316.1705017089844,228.45098876953125,335.28167724609375,592.7999877929688,139.5345458984375,253.3354034423828,43.29115676879883,691.3477172851562,246.0303192138672,451.65460205078125,321.3748474121094,231.0,602.5687866210938,177.654296875,299.8477478027344,323.87518310546875,529.9393920898438,143.79930114746094,214.75579833984375,331.86859130859375,367.1391906738281,51.27771759033203,127.89437866210938,160.8094940185547,1036.2835693359375,210.77859497070312,330.7769775390625,960.0228881835938,143.2978973388672,70.3829116821289,617.3062133789062,178.67221069335938,218.57135009765625,231.9199981689453,151.69815063476562,186.45362854003906,117.95882415771484,297.0177307128906
2026-01-21,85.27940368652344,299.32470703125,162.90121459960938,322.4825744628906,241.10992431640625,313.9090576171875,72.83740997314453,35.09009552001953,491.788330078125,100.861572265625,421.2582092285156,261.9010009765625,38.078739166259766,143.18212890625,113.54698181152344,74.55999755859375,174.6603546142578,121.85985565185547,187.1051483154297,26.049999237060547,204.08877563476562,217.31105041503906,316.1705017089844,226.6693115234375,333.9955749511719,585.7999877929688,138.65696716308594,251.25732421875,44.78293228149414,682.1589965820312,246.9777374267578,441.3102111816406,327.7424621582031,231.30999755859375,611.3861083984375,182.8920440673828,299.15447998046875,323.33837890625,525.7835083007812,142.87974548339844,214.55894470214844,341.0079040527344,376.4667053222656,51.248191833496094,130.98240661621094,162.2006378173828,1073.33447265625,212.85646057128906,326.99774169921875,978.5411376953125,142.4050750732422,70.63795471191406,634.548583984375,172.67410278320312,220.07106018066406,249.8000030517578,153.96273803710938,191.1938934326172,118.6047134399414,299.8129577636719
2026-01-22,84.5695571899414,303.4566345214844,164.27880859375,325.5341796875,244.84654235839844,317.5454406738281,76.15352630615234,35.77405548095703,501.2306823730469,102.20972442626953,425.0887451171875,242.50450134277344,38.861968994140625,145.44317626953125,114.71405792236328,76.86000061035156,178.1337127685547,123.51899719238281,190.10784912109375,26.81999969482422,206.0408477783203,219.943359375,318.15277099609375,225.87745666503906,335.8752746582031,590.0,141.6797332763672,256.64141845703125,45.98820877075195,677.3649291992188,247.67584228515625,448.2959289550781,329.8982849121094,234.33999633789062,645.967041015625,184.40847778320312,300.729248046875,324.41192626953125,531.0556640625,146.6654815673828,215.03135681152344,347.5976257324219,372.93341064453125,51.6221923828125,131.01182556152344,162.13253784179688,1082.1519775390625,214.78659057617188,323.7059020996094,971.8805541992188,140.1342010498047,70.50062561035156,637.6900024414062,176.9442596435547,226.53671264648438,253.72999572753906,155.3707275390625,191.76431274414062,117.08439636230469,300.14642333984375
2026-01-23,93.4622802734375,302.7840270996094,163.78680419921875,327.89666748046875,246.8131866455078,311.3636169433594,75.86092376708984,35.248695373535156,498.0832214355469,102.55924224853516,425.0887451171875,246.75048828125,39.01668167114258,144.5584259033203,113.79012298583984,76.18000030517578,175.0076904296875,122.20914459228516,188.04348754882812,27.09000015258789,206.0408477783203,220.23582458496094,314.386474609375,225.08558654785156,335.23223876953125,590.4000244140625,143.4348907470703,255.03562927246094,45.444847106933594,681.1602172851562,247.36666870117188,463.0125732421875,327.2933044433594,239.16000366210938,657.0684814453125,187.23187255859375,294.875732421875,324.2330017089844,522.963134765625,147.92355346679688,216.6552276611328,349.35296630859375,375.61517333984375,50.903717041015625,132.315673828125,162.19091796875,1059.1729736328125,215.9190673828125,318.2957763671875,978.929443359375,140.30886840820312,71.49137878417969,624.2569580078125,175.9313507080078,226.4969940185547,259.67999267578125,153.42123413085938,190.11209106445312,116.98502349853516,303.30450439453125
2026-01-26,93.77776336669922,303.26446533203125,164.3280029296875,333.7044982910156,248.38650512695312,313.6363525390625,75.5293197631836,35.100006103515625,505.55841064453125,101.91014099121094,426.16912841796875,247.0399932861328,39.40346145629883,143.82113647460938,113.54698181152344,75.0999984741211,176.84361267089844,123.38801574707031,188.88800048828125,27.540000915527344,206.8216552734375,217.99351501464844,309.6290283203125,220.73037719726562,334.4407653808594,590.7999877929688,142.7523193359375,253.24093627929688,45.02003479003906,691.7471923828125,254.7166748046875,467.3152770996094,332.61297607421875,238.4199981689453,670.6334838867188,186.03468322753906,298.1640319824219,326.5292053222656,525.57421875,147.27334594726562,217.98387145996094,344.822509765625,378.3165283203125,51.19898223876953,132.18820190429688,162.94973754882812,1057.640380859375,217.40606689453125,323.0694274902344,973.3739624023438,141.56077575683594,71.17747497558594,624.895263671875,181.1747283935547,227.83779907226562,251.30999755859375,152.14122009277344,193.33782958984375,116.89559936523438,306.9333801269531
2026-01-27,97.60301208496094,303.072265625,160.93321228027344,340.0045166015625,247.30484008789062,319.0909118652344,75.27572631835938,33.98981475830078,503.7879638671875,101.66048431396484,431.8658142089844,248.10150146484375,39.60652160644531,144.50926208496094,112.088134765625,75.0,178.4314422607422,124.87251281738281,191.42152404785156,27.15999984741211,194.865234375,220.23582458496094,311.6112976074219,219.1466522216797,337.7055358886719,588.0,142.84983825683594,253.99658203125,44.931121826171875,706.5289916992188,257.5688781738281,477.5503234863281,333.90045166015625,244.67999267578125,671.241943359375,188.07989501953125,297.44097900390625,323.3185119628906,518.6477661132812,146.14039611816406,220.88717651367188,277.2191162109375,372.27764892578125,51.34661102294922,134.1390838623047,164.45762634277344,1034.51220703125,220.5178985595703,330.9659423828125,966.0164794921875,144.3848114013672,72.14861297607422,622.1926879882812,173.68701171875,226.9737091064453,252.02999877929688,150.6840057373047,193.37718200683594,116.20002746582031,308.0906982421875
2026-01-28,95.78897857666016,311.0478820800781,156.99720764160156,340.9888916015625,250.7464599609375,315.272705078125,73.36408996582031,34.1583251953125,498.6733703613281,100.66184997558594,431.9640197753906,248.58399963378906,39.40346145629883,144.95164489746094,112.9148178100586,74.30000305175781,175.90084838867188,124.3049087524414,190.20167541503906,27.860000610351562,192.42515563964844,219.943359375,309.03436279296875,221.52224731445312,335.8752746582031,589.4000244140625,143.92242431640625,252.67417907714844,44.852088928222656,704.3316650390625,255.743896484375,478.59368896484375,335.357666015625,243.00999450683594,667.0127563476562,191.07289123535156,297.89654541015625,325.02825927734375,519.6045532226562,145.15521240234375,224.11524963378906,288.3196105957031,367.3251647949219,50.99229431152344,134.8743438720703,165.31370544433594,1018.8776245117188,215.3380584716797,331.4134521484375,956.5581665039062,144.11306762695312,71.66793823242188,606.3464965820312,171.60159301757812,226.40760803222656,252.74000549316406,150.34922790527344,212.59393310546875,115.8323745727539,306.7862548828125
2026-01-29,94.84252166748047,310.3752136230469,157.3415985107422,348.5686340332031,247.59983825683594,314.2727355957031,70.2235336303711,33.84112548828125,505.55841064453125,99.36363220214844,436.7767333984375,251.18948364257812,38.658905029296875,143.7228240966797,111.99088287353516,72.95999908447266,169.89688110351562,122.90773010253906,177.34640502929688,26.690000534057617,191.6443328857422,217.21356201171875,306.06097412109375,219.9385223388672,339.2884521484375,585.0,143.14236450195312,253.99658203125,44.22969055175781,763.259033203125,257.5788879394531,430.76715087890625,337.59326171875,241.72999572753906,736.4141845703125,192.06057739257812,303.49261474609375,329.8194580078125,541.8887939453125,147.67726135253906,223.69203186035156,286.6231689453125,363.9093322753906,52.242252349853516,137.7467041015625,166.53948974609375,1019.2160034179688,217.07122802734375,328.917236328125,948.7028198242188,144.29745483398438,72.03089904785156,590.530029296875,167.83787536621094,212.6221160888672,252.17999267578125,149.8766326904297,215.3476104736328,116.66705322265625,309.4441833496094
2026-01-30,95.29603576660156,311.3361511230469,157.5876007080078,346.20611572265625,228.72010803222656,315.18182373046875,71.8035659790039,33.801475524902344,508.902587890625,100.46212005615234,437.85711669921875,253.98800659179688,39.21007537841797,144.60757446289062,108.4896469116211,73.0,170.591552734375,122.77674865722656,179.551513671875,26.739999771118164,190.7170867919922,216.5311279296875,303.4840393066406,217.56295776367188,339.5357971191406,578.5999755859375,143.82492065429688,255.8857421875,45.07931137084961,766.4551391601562,258.775634765625,427.5773620605469,337.3437805175781,239.3000030517578,714.66015625,190.68380737304688,302.9676818847656,319.90899658203125,536.9655151367188,149.51954650878906,223.65267944335938,281.3670654296875,366.6302490234375,52.360355377197266,138.61920166015625,172.0943603515625,1032.1634521484375,219.61192321777344,329.4841003417969,937.3972778320312,149.09152221679688,73.38460540771484,577.017333984375,163.43858337402344,210.84429931640625,236.72999572753906,149.25631713867188,213.36785888671875,118.3861083984375,308.9439697265625
2026-02-02,97.11006927490234,317.4859924316406,160.0968017578125,347.8795471191406,233.14505004882812,321.0,73.92977905273438,33.8609504699707,519.1317749023438,101.8602066040039,441.9822998046875,252.25099182128906,39.93528747558594,147.65504455566406,107.9061050415039,74.0,176.04969787597656,124.87251281738281,184.0555419921875,26.350000381469727,192.18113708496094,215.7511749267578,307.84503173828125,216.77108764648438,345.1749267578125,569.0,145.28753662109375,259.47515869140625,45.4547233581543,775.0444946289062,269.2770690917969,420.70098876953125,343.0227355957031,242.9600067138672,704.5960083007812,185.1766815185547,305.1961669921875,331.8472900390625,553.4893798828125,150.91848754882812,227.09727478027344,280.05303955078125,370.0852355957031,53.17725372314453,135.67820739746094,169.30230712890625,1039.1099853515625,222.2018585205078,329.29510498046875,965.4219360351562,150.61514282226562,73.89470672607422,580.1686401367188,158.94993591308594,209.3743896484375,246.27000427246094,150.2704620361328,222.73208618164062,123.27496337890625,312.4061279296875
2026-02-03,97.62272644042969,327.19122314453125,160.4412078857422,360.0858459472656,235.0133514404297,324.18182373046875,73.98829650878906,34.33674621582031,497.0996398925781,99.42354583740234,454.4560241699219,255.0494842529297,41.163326263427734,145.98385620117188,109.02455139160156,70.4800033569336,176.5955047607422,125.17814636230469,184.99388122558594,24.579999923706055,196.0852813720703,217.60353088378906,311.21484375,210.23825073242188,348.9343566894531,563.4000244140625,144.40997314453125,262.0254821777344,46.08700180053711,779.8385620117188,268.7485046386719,408.6176452636719,339.0504455566406,238.6199951171875,689.923828125,179.9189910888672,311.8420715332031,326.96661376953125,548.8551635742188,153.01690673828125,229.41006469726562,278.6703796386719,373.0019226074219,53.59062576293945,140.90338134765625,173.20338439941406,998.6354370117188,222.2215576171875,318.5741882324219,974.9529418945312,158.03915405273438,75.42497253417969,568.5208740234375,153.59732055664062,195.04266357421875,242.11000061035156,144.91421508789062,222.93006896972656,126.90187072753906,313.3378601074219
2026-02-04,98.35228729248047,335.6472473144531,161.8188018798828,365.00775146484375,238.94662475585938,328.45452880859375,71.54998016357422,36.23002624511719,501.033935546875,96.34777069091797,463.0992126464844,264.21697998046875,41.88854217529297,156.89578247070312,114.13052368164062,68.5,177.6871337890625,128.23446655273438,187.76199340820312,25.15999984741211,198.81817626953125,222.86814880371094,313.1971130371094,209.64437866210938,352.94110107421875,585.7999877929688,147.72525024414062,262.11993408203125,42.22418975830078,779.2393188476562,275.7394104003906,411.5788879394531,332.3934020996094,232.99000549316406,667.272216796875,173.78335571289062,314.23895263671875,327.9804992675781,551.6456909179688,154.54391479492188,230.75839233398438,270.570556640625,378.9723205566406,54.50595474243164,144.68746948242188,176.30673217773438,1101.7969970703125,213.8018341064453,306.3615417480469,975.3816528320312,161.27076721191406,75.87620544433594,563.6642456054688,145.65280151367188,198.08181762695312,200.19000244140625,146.59788513183594,220.66323852539062,127.19003295898438,317.4669189453125
2026-02-05,98.03680419921875,332.7645263671875,160.04759216308594,361.0702209472656,243.764892578125,319.0909118652344,71.82307434082031,36.27958679199219,498.2799377441406,95.32917022705078,464.7689514160156,267.0155029296875,42.19179916381836,157.78053283691406,113.83876037597656,66.37999725341797,174.4618682861328,122.64575958251953,181.61585998535156,24.84000015258789,201.0630645751953,222.77064514160156,309.8272705078125,204.1013641357422,355.0187072753906,550.0,142.55731201171875,263.9146423339844,43.06393051147461,771.648681640625,275.1610412597656,391.1882629394531,330.60687255859375,222.69000244140625,668.4890747070312,171.47874450683594,307.1968688964844,327.1654052734375,550.021240234375,156.25811767578125,234.02581787109375,263.34344482421875,374.24493408203125,54.07289505004883,143.20716857910156,174.36105346679688,1015.931884765625,215.68272399902344,308.8080749511719,986.2884521484375,162.5808868408203,77.01410675048828,540.8671264648438,135.53347778320312,188.6763153076172,192.5,134.20172119140625,221.7125244140625,126.13675689697266,317.2609558105469
2026-02-06,98.3917236328125,332.18798828125,160.39199829101562,365.99212646484375,244.35488891601562,322.9090881347656,74.71003723144531,36.467926025390625,502.01751708984375,95.76856231689453,475.4747314453125,269.0419921875,42.1135368347168,156.45339965820312,113.9360122680664,66.72000122070312,176.74436950683594,124.04293823242188,185.1346435546875,24.1200008392334,198.91578674316406,224.42800903320312,317.95452880859375,201.52783203125,358.283447265625,559.5999755859375,146.36013793945312,257.11370849609375,43.63692855834961,778.0408325195312,277.364990234375,398.61114501953125,322.233154296875,210.32000732421875,659.7615356445312,184.97715759277344,319.3199462890625,329.60076904296875,546.8818359375,156.809814453125,236.19100952148438,271.286376953125,376.96588134765625,55.63779830932617,146.11875915527344,175.94679260253906,1053.0924072265625,220.02552795410156,331.0952453613281,998.1224365234375,165.4534454345703,77.52420043945312,541.3358764648438,141.8295135498047,190.0469207763672,208.44000244140625,135.2257080078125,219.1982421875,130.34991455078125,320.8702087402344
2026-02-09,99.22972869873047,329.4974060058594,161.67120361328125,373.76873779296875,245.14154052734375,323.9090576171875,75.04165649414062,36.8941650390625,502.01751708984375,95.12944030761719,482.0553283691406,266.7259826660156,42.74939727783203,154.1923828125,113.83876037597656,67.69999694824219,177.587890625,124.39222717285156,184.29013061523438,24.790000915527344,198.33016967773438,221.99070739746094,318.15277099609375,199.94410705566406,359.91583251953125,567.0,143.4348907470703,248.32913208007812,43.60729217529297,795.41943359375,274.13079833984375,410.99261474609375,323.6903381347656,208.72000122070312,675.4810180664062,189.59632873535156,319.0228271484375,323.6365966796875,533.5172729492188,154.99710083007812,234.8623809814453,270.35479736328125,372.904052734375,55.51969528198242,148.23629760742188,177.6395263671875,1039.6473388671875,219.85812377929688,342.0548400878906,994.5633544921875,161.55221557617188,76.4843978881836,545.2550659179688,155.50401306152344,192.7086639404297,216.0,136.7912139892578,216.55526733398438,128.20358276367188,319.3401794433594
2026-02-10,99.18043518066406,329.9778747558594,162.45840454101562,375.4421691894531,248.68148803710938,321.1817932128906,75.33424377441406,37.350135803222656,501.4273681640625,97.00686645507812,480.0909729003906,267.9804992675781,42.18201446533203,155.9127197265625,116.56193542480469,68.4000015258789,176.54588317871094,124.82884216308594,182.46035766601562,25.170000076293945,201.45347595214844,222.9656219482422,317.16162109375,201.13189697265625,360.5094299316406,576.0,142.36228942871094,249.55709838867188,45.1682243347168,793.2221069335938,273.19244384765625,410.6646423339844,317.9614562988281,206.9600067138672,668.9976806640625,188.09983825683594,315.2392883300781,326.8838195800781,538.5601196289062,156.72116088867188,234.5769805908203,267.9228820800781,381.39959716796875,54.51578903198242,148.6088104248047,177.30874633789062,1020.0718994140625,219.0506134033203,338.5740051269531,968.283203125,162.03744506835938,75.34649658203125,538.314208984375,158.7811279296875,192.1326141357422,213.57000732421875,137.93336486816406,218.68348693847656,125.89826202392578,319.70306396484375
2026-02-11,97.28752899169922,334.7824401855469,164.52479553222656,380.85626220703125,251.92645263671875,320.3636169433594,78.55282592773438,36.537315368652344,505.755126953125,94.8498306274414,480.77850341796875,267.69097900390625,42.9646110534668,155.17543029785156,120.30631256103516,67.66000366210938,175.40463256835938,125.04715728759766,181.2874298095703,24.559999465942383,195.06045532226562,226.28038024902344,311.4130859375,197.172607421875,359.8663635253906,560.0,136.9018096923828,251.82406616210938,44.78293228149414,799.81396484375,275.00921630859375,401.8207702636719,310.35626220703125,204.0800018310547,666.9729614257812,189.6063232421875,307.8505554199219,327.9495849609375,535.6400756835938,157.6275177001953,237.0472412109375,273.5025634765625,382.3783264160156,53.00009536743164,152.500732421875,180.7720489501953,1010.3289794921875,217.52423095703125,340.88128662109375,975.17236328125,164.15304565429688,77.1023941040039,525.718994140625,156.07005310058594,183.74014282226562,213.5800018310547,138.8687286376953,224.26638793945312,127.95516204833984,316.9961242675781
2026-02-12,95.82840728759766,334.59027099609375,161.62200927734375,375.24530029296875,252.61476135253906,314.8181457519531,74.963623046875,38.57927703857422,501.8208312988281,95.06951904296875,476.5551452636719,274.44598388671875,43.44395446777344,153.84829711914062,120.06317138671875,66.16000366210938,172.82443237304688,123.78096771240234,179.22308349609375,23.8799991607666,192.62037658691406,213.21636962890625,308.8361511230469,191.43162536621094,357.145751953125,536.5999755859375,135.8292236328125,250.5016632080078,44.703895568847656,805.007568359375,261.2637939453125,399.3067321777344,308.4000549316406,199.60000610351562,648.1414184570312,186.5035858154297,299.7487487792969,322.9094543457031,525.6738891601562,158.81956481933594,240.6788330078125,278.856689453125,381.9281311035156,51.69108963012695,147.9611358642578,177.4449462890625,1033.278076171875,224.0335235595703,329.3548278808594,995.8294067382812,162.26063537597656,77.4947738647461,508.416748046875,155.394775390625,184.16722106933594,205.94000244140625,136.33831787109375,220.74244689941406,132.79434204101562,325.69561767578125
2026-02-13,97.03119659423828,330.2661437988281,163.6392059326172,370.91400146484375,249.4681396484375,309.5454406738281,73.11050415039062,39.461490631103516,500.8372497558594,97.52615356445312,471.34954833984375,275.7969665527344,43.2483024597168,154.48728942871094,121.08436584472656,65.73999786376953,170.29385375976562,121.9471664428711,177.1587371826172,23.8799991607666,196.3780975341797,213.70382690429688,309.6290283203125,192.71839904785156,354.9692077636719,523.5999755859375,135.63421630859375,250.69056701660156,44.15065383911133,815.394775390625,255.32435607910156,398.7900085449219,305.1264343261719,198.7899932861328,638.127197265625,182.38320922851562,299.6595764160156,312.8489990234375,516.6046752929688,157.6964874267578,239.59622192382812,287.5057373046875,382.740478515625,51.720611572265625,146.50057983398438,178.74856567382812,1036.7271728515625,227.97256469726562,323.3876953125,1015.389892578125,161.03787231445312,77.18087005615234,503.4305114746094,159.02938842773438,188.42800903320312,207.32000732421875,138.5339813232422,223.87045288085938,133.0427703857422,321.2821044921875
2026-02-16,97.01148223876953,329.78570556640625,163.93441772460938,371.2093505859375,250.5498046875,313.7272644042969,73.4421157836914,39.00551223754883,503.7879638671875,95.2093276977539,469.0905456542969,272.708984375,43.37548065185547,155.51950073242188,117.77764129638672,64.44000244140625,173.4198760986328,123.25701904296875,179.78610229492188,23.5,192.91317749023438,214.1912841796875,307.84503173828125,191.43162536621094,357.39306640625,520.2000122070312,133.87905883789062,249.8404541015625,44.01234436035156,817.392333984375,,,,,,,,,,,,,,,,,,,,,,,,,,,,,,
2026-02-17,98.47058868408203,327.67169189453125,165.41041564941406,367.074951171875,249.86148071289062,316.5454406738281,72.1546859741211,39.630001068115234,507.91900634765625,95.88839721679688,469.1887512207031,273.5774841308594,43.70808029174805,152.37371826171875,117.5831298828125,64.22000122070312,174.85882568359375,124.52322387695312,181.66278076171875,20.139999389648438,194.426025390625,215.1662139892578,311.21484375,190.83775329589844,358.13507080078125,528.7999877929688,135.63421630859375,254.4688720703125,44.28896713256836,814.1962280273438,263.4099426269531,394.3581237792969,301.43359375,201.14999389648438,637.6484375,184.53817749023438,304.1958312988281,318.247802734375,520.1626586914062,157.18417358398438,239.4781494140625,283.4851989746094,374.9007263183594,51.90761947631836,144.270263671875,177.36343383789062,1032.7896728515625,229.3118438720703,330.7173156738281,1008.9794311523438,157.13662719726562,78.04409790039062,500.2093505859375,152.9021759033203,183.0349884033203,203.0800018310547,140.43426513671875,223.40521240234375,128.03466796875,321.32135009765625
2026-02-18,99.5254898071289,332.18798828125,166.3944091796875,373.8671569824219,251.33645629882812,319.5454406738281,74.12484741210938,39.05508041381836,513.2302856445312,97.84571838378906,472.33172607421875,272.41949462890625,43.404823303222656,152.2262725830078,117.72901916503906,63.84000015258789,176.64512634277344,124.39222717285156,183.35177612304688,21.829999923706055,196.28050231933594,216.2386474609375,314.98114013671875,190.63978576660156,363.82366943359375,534.0,138.75448608398438,255.50790405273438,43.43934631347656,822.1864013671875,263.8791198730469,397.0808410644531,302.7410888671875,204.7899932861328,641.5682983398438,187.5411376953125,305.8300476074219,319.0446472167969,526.192138671875,154.53407287597656,241.1118621826172,282.6124572753906,375.3704833984375,52.5178337097168,148.7012939453125,180.62484741210938,1017.348388671875,225.2349395751953,331.6820068359375,993.057861328125,159.53366088867188,77.97543334960938,512.1464233398438,155.0869140625,186.5111541748047,200.1199951171875,141.03488159179688,221.0592041015625,125.81877136230469,321.5861511230469
2026-02-19,100.21562194824219,333.6293640136719,165.55799865722656,371.60308837890625,250.4514617919922,315.7272644042969,74.67102813720703,39.035255432128906,512.4434204101562,98.66459655761719,475.5729675292969,272.22650146484375,43.72764587402344,154.04490661621094,117.68038940429688,64.58000183105469,175.10693359375,123.51899719238281,181.0997772216797,22.18000030517578,195.59725952148438,219.5533905029297,318.7474365234375,193.6092529296875,361.64715576171875,538.2000122070312,138.55946350097656,255.50790405273438,43.24176025390625,817.1925659179688,260.11578369140625,396.8517761230469,302.26202392578125,204.86000061035156,643.1243286132812,187.46133422851562,305.10699462890625,317.67999267578125,518.498291015625,156.2088623046875,243.00148010253906,284.30889892578125,370.53546142578125,51.9371452331543,148.98748779296875,181.51876831054688,1020.0,220.9315185546875,332.1593322753906,984.8229370117188,159.7277374267578,77.40648651123047,513.7021484375,155.454345703125,184.02818298339844,203.3699951171875,139.09519958496094,215.84254455566406,124.07984161376953,320.8211364746094
2026-02-20,100.60997772216797,337.3769226074219,166.9355926513672,373.6702880859375,255.66305541992188,317.0,75.1781997680664,39.71921157836914,513.6237182617188,99.5034408569336,479.5998840332031,275.70050048828125,43.95264434814453,154.78219604492188,117.77764129638672,64.5999984741211,177.73675537109375,125.48377227783203,183.914794921875,22.260000228881836,198.7205810546875,223.5505828857422,318.15277099609375,197.66751098632812,364.0710144042969,532.2000122070312,140.5096435546875,261.5531921386719,43.14296340942383,817.9915771484375,264.1086730957031,395.6267395019531,314.36846923828125,210.11000061035156,653.9764404296875,189.37686157226562,307.82086181640625,319.6921081542969,524.62744140625,158.39593505859375,238.6514434814453,284.3775634765625,374.1274719238281,52.22256851196289,145.345947265625,180.68377685546875,1006.3431396484375,221.38450622558594,330.8266906738281,982.2807006835938,160.06741333007812,78.31876373291016,509.5236511230469,147.0530242919922,183.89906311035156,200.14999389648438,140.680419921875,217.50552368164062,122.21174621582031,322.9004211425781
2026-02-23,99.4269027709961,336.416015625,165.60720825195312,377.1156311035156,254.9747314453125,317.272705078125,76.89476776123047,39.00551223754883,519.9185791015625,98.30508422851562,481.0731506347656,277.4375,44.63741683959961,153.2584686279297,117.63175201416016,62.29999923706055,177.48867797851562,125.44010925292969,182.6011199951172,21.1200008392334,194.27963256835938,219.2609100341797,311.4130859375,198.95428466796875,364.1204528808594,515.7999877929688,137.3893585205078,259.00286865234375,42.48105239868164,815.7942504882812,265.705810546875,382.9182434082031,310.8852233886719,205.27000427246094,635.6137084960938,191.10281372070312,294.8262023925781,305.31866455078125,494.350341796875,162.72084045410156,241.9484100341797,276.8660583496094,368.979248046875,50.263973236083984,148.78024291992188,181.646484375,1055.2288818359375,225.9833526611328,328.52935791015625,983.0284423828125,163.34756469726562,79.0250473022461,515.0185546875,140.32997131347656,176.94674682617188,196.60000610351562,138.24844360351562,217.6342315673828,125.01390075683594,328.1278991699219
2026-02-24,98.45087432861328,339.39483642578125,167.42759704589844,384.99066162109375,256.9413757324219,314.5454406738281,76.75822448730469,40.01658630371094,526.2135009765625,99.08401489257812,486.96624755859375,279.1744689941406,45.0189323425293,153.3076171875,118.9447250366211,63.29999923706055,176.0000762939453,125.35279083251953,181.3812713623047,21.809999465942383,193.98681640625,219.45590209960938,315.5758361816406,201.32984924316406,366.7421875,527.2000122070312,137.9744110107422,258.625,43.07381057739258,825.7819213867188,271.6552429199219,387.429931640625,310.29638671875,208.55999755859375,637.658447265625,192.39979553222656,294.459716796875,306.0158996582031,496.3136901855469,162.8292236328125,243.66995239257812,268.6387634277344,376.31011962890625,49.61438751220703,147.29994201660156,182.0688934326172,1038.8704833984375,224.95919799804688,323.7059020996094,995.4007568359375,164.53150939941406,79.18199920654297,514.1807861328125,145.12648010253906,184.1573028564453,213.83999633789062,142.55117797851562,211.19012451171875,125.94794464111328,326.64691162109375
2026-02-25,99.32831573486328,336.1277160644531,167.32920837402344,391.3891296386719,253.69642639160156,319.7272644042969,78.18220520019531,34.792720794677734,521.4923706054688,98.86431884765625,489.71636962890625,275.89349365234375,45.3026237487793,155.02796936035156,119.13923645019531,62.279998779296875,176.84361267089844,127.31756591796875,183.44561767578125,22.190000534057617,195.30445861816406,217.89601135253906,315.37762451171875,201.52783203125,368.4735107421875,538.5999755859375,138.75448608398438,259.38067626953125,42.78731155395508,834.3713989257812,273.74151611328125,398.9831237792969,312.29248046875,210.63999938964844,652.0114135742188,195.10345458984375,300.40240478515625,311.7633056640625,507.6651306152344,160.9672393798828,242.57171630859375,278.69000244140625,367.58941650390625,50.87418746948242,147.10256958007812,180.96865844726562,1025.5924072265625,223.46234130859375,330.4885559082031,991.7418823242188,164.1724395751953,78.93675994873047,512.26611328125,146.8643341064453,190.44419860839844,210.86000061035156,143.57518005371094,211.73455810546875,124.95427703857422,326.6076965332031
2026-02-26,100.16632080078125,336.7042541503906,166.54200744628906,391.7828674316406,258.5146789550781,318.1817932128906,77.77256774902344,36.091251373291016,522.2791748046875,101.26102447509766,496.9845275878906,276.27947998046875,44.77437210083008,155.61781311035156,119.5768814086914,63.34000015258789,176.14892578125,127.09925842285156,183.7740478515625,23.1200008392334,197.84214782714844,222.77064514160156,317.16162109375,209.64437866210938,370.8973388671875,555.7999877929688,140.6071319580078,260.6086120605469,42.905860900878906,829.976806640625,272.4637756347656,400.0986022949219,306.7832336425781,207.9199981689453,655.322998046875,184.4583740234375,303.20538330078125,315.45880126953125,513.0269165039062,161.3218994140625,240.88973999023438,281.1023254394531,367.1196594238281,51.47455978393555,146.58938598632812,180.90972900390625,1018.8038330078125,221.26632690429688,319.93670654296875,983.7462158203125,162.62940979003906,78.96619415283203,518.6883544921875,149.26756286621094,198.11160278320312,203.67999267578125,143.34869384765625,210.47743225097656,123.6326904296875,328.0985107421875
2026-02-27,103.07469940185547,338.0495300292969,167.13241577148438,393.1609802246094,255.26974487304688,316.1817932128906,77.90911102294922,36.74547576904297,526.2135009765625,102.75897216796875,502.6811828613281,277.2444763183594,45.351539611816406,157.97714233398438,119.47962951660156,63.84000015258789,174.16416931152344,126.26969146728516,180.912109375,22.969999313354492,198.037353515625,224.8179931640625,318.9456481933594,212.2178955078125,373.7169189453125,548.4000244140625,140.99717712402344,262.59222412109375,42.97501754760742,842.5612182617188,263.7093811035156,391.15484619140625,311.15472412109375,210.0,646.5155639648438,176.77635192871094,297.4310607910156,318.8852844238281,515.4586791992188,164.72073364257812,245.79718017578125,287.5841369628906,372.6299743652344,49.043548583984375,150.49740600585938,183.46383666992188,1048.679443359375,228.54373168945312,317.7984924316406,1007.7232666015625,164.72561645507812,80.00598907470703,519.6756591796875,144.3916015625,193.46348571777344,200.2100067138672,140.16842651367188,209.96267700195312,127.14035034179688,334.5029296875
2026-03-02,103.07469940185547,331.0348815917969,162.70440673828125,386.073486328125,247.0098419189453,312.7272644042969,75.95845794677734,38.21251678466797,526.0167846679688,100.41219329833984,489.71636962890625,267.30499267578125,44.872196197509766,155.02796936035156,114.22777557373047,61.81999969482422,171.03814697265625,124.69786834716797,177.81558227539062,22.18000030517578,193.7427978515625,216.5311279296875,310.0254821777344,208.25860595703125,364.1204528808594,547.0,138.8519744873047,259.00286865234375,41.2856559753418,827.3800048828125,264.2484130859375,396.9413757324219,305.9248962402344,208.38999938964844,651.8817749023438,182.05398559570312,294.7172546386719,319.25384521484375,519.2357788085938,161.08544921875,245.92579650878906,289.21197509765625,362.9305725097656,49.023860931396484,152.19480895996094,186.2537078857422,1014.7664794921875,230.6905059814453,317.072509765625,999.7276000976562,162.33827209472656,78.69152069091797,507.18011474609375,148.21490478515625,191.63601684570312,198.6199951171875,138.85890197753906,207.6958770751953,126.29573822021484,328.3829345703125
2026-03-03,101.49726867675781,319.984375,156.84959411621094,372.78436279296875,238.94662475585938,303.9090576171875,71.6084976196289,35.357730865478516,510.4762878417969,98.784423828125,479.4034729003906,260.54998779296875,44.324378967285156,152.2262725830078,114.85994720458984,60.7599983215332,166.7708740234375,122.82040405273438,172.8892822265625,22.06999969482422,190.47308349609375,208.34173583984375,301.3035583496094,201.9237518310547,354.62298583984375,546.0,134.6591339111328,251.35177612304688,39.240638732910156,798.4157104492188,263.2801818847656,402.2996826171875,302.9905700683594,208.72999572753906,653.3978881835938,179.62966918945312,297.3914489746094,319.57257080078125,522.5445556640625,157.35166931152344,244.13497924804688,283.6028747558594,359.12322998046875,49.181339263916016,149.83619689941406,185.43836975097656,1004.5587158203125,230.29661560058594,312.11981201171875,1004.71240234375,160.0382843017578,77.82828521728516,506.70147705078125,147.97657775878906,194.71490478515625,190.9499969482422,136.00355529785156,200.61825561523438,127.10060119628906,327.6037902832031
2026-03-04,103.46904754638672,326.71075439453125,158.86680603027344,374.06402587890625,238.55331420898438,308.81817626953125,73.67619323730469,35.783966064453125,511.6565856933594,100.06266784667969,486.27874755859375,257.5585021972656,44.940670013427734,154.1923828125,114.85994720458984,61.900001525878906,169.549560546875,124.52322387695312,173.6399688720703,22.790000915527344,194.62123107910156,209.60914611816406,302.8893737792969,206.0810089111328,361.10302734375,553.0,136.51177978515625,255.1300811767578,40.623741149902344,799.4144897460938,262.0523376464844,403.5645751953125,302.54150390625,216.82000732421875,666.015380859375,182.6126708984375,296.52978515625,319.2139892578125,521.1492919921875,155.9527130126953,242.70034790039062,286.2995300292969,361.2666931152344,49.506126403808594,147.85260009765625,182.74671936035156,1000.4118041992188,232.5911102294922,315.78955078125,1003.685546875,159.07754516601562,76.61192321777344,511.27880859375,151.31326293945312,191.76512145996094,202.07000732421875,137.3623046875,200.34107971191406,127.00123596191406,327.1796875
2026-03-05,102.23668670654297,322.38665771484375,155.61959838867188,368.7484130859375,234.42335510253906,305.0909118652344,72.58382415771484,35.218955993652344,513.427001953125,99.38359832763672,478.7159118652344,254.75999450683594,45.263492584228516,155.7161102294922,113.10932922363281,62.13999938964844,168.2594451904297,122.9513931274414,173.59304809570312,23.459999084472656,191.83953857421875,206.29440307617188,298.3301696777344,203.3094940185547,358.6297302246094,560.4000244140625,138.26693725585938,250.12380981445312,40.55458450317383,786.6301879882812,259.8263244628906,409.0224304199219,300.29583740234375,218.94000244140625,658.8738403320312,182.91197204589844,290.74554443359375,318.5466003417969,522.8833618164062,151.7066192626953,237.09043884277344,283.1714172363281,353.99456787109375,49.023860931396484,148.78024291992188,186.5484161376953,980.165771484375,228.8096160888672,330.946044921875,979.5889282226562,155.95266723632812,75.56230926513672,517.4119262695312,153.71649169921875,200.01853942871094,199.4499969482422,135.7570037841797,195.97572326660156,122.52971649169922,322.9486999511719
2026-03-06,101.54656982421875,316.3329162597656,150.74879455566406,360.5780334472656,232.16172790527344,302.09088134765625,71.14034271240234,34.70350646972656,504.77154541015625,98.34503173828125,473.4121398925781,255.33900451660156,45.3711051940918,153.7008514404297,114.08190155029297,61.7599983215332,165.1830291748047,121.77252197265625,172.467041015625,23.559999465942383,191.10751342773438,205.1244659423828,296.347900390625,203.3094940185547,352.2980651855469,561.4000244140625,137.681884765625,247.00672912597656,40.53482437133789,784.2332153320312,257.0013427734375,407.30938720703125,297.9404296875,213.2100067138672,643.2041015625,177.40489196777344,286.7144470214844,316.1161804199219,520.5712890625,151.35195922851562,237.85226440429688,280.9258117675781,350.3144836425781,48.14295196533203,149.22434997558594,186.58770751953125,987.2135009765625,226.60374450683594,328.6686096191406,995.0717163085938,156.1024627685547,75.5721206665039,500.5883483886719,151.89918518066406,200.733642578125,192.42999267578125,134.45887756347656,191.2738037109375,123.0166244506836,323.5502624511719
2026-03-09,100.9057388305664,308.6455993652344,147.30479431152344,352.40771484375,223.31185913085938,303.09088134765625,68.8775863647461,33.781654357910156,497.6897888183594,96.08812713623047,466.8315124511719,253.2159881591797,44.960235595703125,151.1448974609375,111.01831817626953,51.279998779296875,164.93495178222656,120.94295501708984,171.81019592285156,22.459999084472656,188.76502990722656,202.78465270996094,289.2117614746094,198.95428466796875,346.80731201171875,566.5999755859375,135.43919372558594,240.7725067138672,38.805946350097656,768.0531005859375,259.41705322265625,407.757568359375,305.98040771484375,213.49000549316406,645.7276611328125,182.22360229492188,287.1502685546875,314.73162841796875,515.9668579101562,152.9183807373047,240.01907348632812,281.81524658203125,346.047119140625,47.410518646240234,148.46444702148438,186.09652709960938,1005.2167358398438,223.98428344726562,343.8548889160156,1002.2498779296875,158.15863037109375,76.31764221191406,508.5663146972656,150.50889587402344,197.4362335205078,202.67999267578125,136.85693359375,194.2137451171875,123.5531997680664,326.2525939941406
2026-03-10,102.87751770019531,320.6570129394531,153.3072052001953,374.5562438964844,231.7683868408203,307.4545593261719,73.48112487792969,34.40613555908203,513.0335693359375,97.40631866455078,483.2339782714844,254.1809844970703,45.92870330810547,153.35678100585938,111.69911193847656,53.47999954223633,168.80526733398438,122.77674865722656,176.54881286621094,22.5,190.2778778076172,205.8069305419922,294.7620849609375,205.68508911132812,358.0856018066406,574.7999877929688,136.51177978515625,248.80140686035156,39.97170639038086,802.4107666015625,260.3653564453125,404.122314453125,306.65960693359375,214.3300018310547,652.3905639648438,184.33865356445312,285.97161865234375,313.1976318359375,512.97705078125,153.6966552734375,241.12721252441406,279.01849365234375,349.5608215332031,48.06377410888672,146.18479919433594,183.0021209716797,998.1987915039062,223.5509796142578,340.7022399902344,994.333984375,157.42430114746094,76.39611053466797,498.7035217285156,148.36386108398438,193.5826873779297,203.22999572753906,133.97332763671875,195.46099853515625,124.32826232910156,323.4319152832031
2026-03-11,104.40564727783203,318.7351989746094,152.2740020751953,373.1781005859375,227.93345642089844,307.3636169433594,72.19369506835938,34.18806457519531,510.8697509765625,98.80439758300781,478.0284118652344,249.45249938964844,45.840660095214844,153.35678100585938,111.3100814819336,51.880001068115234,168.80526733398438,122.20914459228516,175.79815673828125,22.520000457763672,188.08180236816406,202.0047149658203,293.17626953125,205.48712158203125,352.149658203125,573.7999877929688,136.51177978515625,246.62890625,39.26039505004883,799.81396484375,260.3453674316406,403.245849609375,308.31756591796875,212.64999389648438,653.178466796875,185.60574340820312,284.77313232421875,307.74908447265625,502.2933654785156,151.04656982421875,240.41482543945312,281.894287109375,343.3849182128906,48.0241813659668,149.5894775390625,188.40505981445312,996.693603515625,224.21075439453125,339.6977844238281,989.2195434570312,156.80743408203125,76.15087127685547,494.3555603027344,161.98870849609375,192.8079833984375,204.8300018310547,132.9031219482422,196.6587371826172,122.70857238769531,320.73944091796875
2026-03-12,106.37742614746094,321.0413818359375,151.29000854492188,374.26092529296875,226.0651397705078,301.9090881347656,71.12083435058594,34.28718566894531,522.8693237304688,100.81163787841797,480.77850341796875,252.05799865722656,45.67435836791992,154.29067993164062,112.3799057006836,51.81999969482422,168.06097412109375,119.24015045166016,172.70162963867188,22.780000686645508,185.69052124023438,201.41976928710938,295.1585388183594,208.25860595703125,350.96246337890625,594.5999755859375,135.63421630859375,243.41734313964844,37.99584197998047,805.8065795898438,255.30438232421875,400.2380065917969,303.17388916015625,209.52999877929688,636.5413208007812,182.7223358154297,280.1874084472656,305.2987365722656,495.6260070800781,148.26837158203125,239.4748992919922,273.79071044921875,333.9457702636719,46.64838790893555,151.5138702392578,193.49363708496094,974.1746215820312,221.9359588623047,334.1285095214844,1000.2759399414062,155.54437255859375,76.13126373291016,474.5801086425781,158.05618286132812,197.9228973388672,197.74000549316406,129.96006774902344,188.1260223388672,124.53694152832031,319.45733642578125
2026-03-13,107.06754302978516,311.3361511230469,147.50160217285156,350.6358337402344,219.18190002441406,301.0909118652344,68.64350128173828,33.61314010620117,515.78759765625,100.861572265625,469.9744873046875,253.40899658203125,46.09500503540039,154.58560180664062,110.09437561035156,51.939998626708984,167.51515197753906,119.63310241699219,171.62252807617188,23.110000610351562,184.4216766357422,197.4225616455078,288.8153076171875,208.06065368652344,347.89556884765625,596.5999755859375,134.2690887451172,242.75613403320312,37.11658477783203,789.4268188476562,249.6744384765625,393.9534912109375,301.9054870605469,207.6699981689453,612.1340942382812,179.8389434814453,280.7321472167969,305.9362487792969,496.3037109375,148.4161376953125,238.96041870117188,278.77142333984375,334.0443115234375,46.242576599121094,154.06985473632812,193.34629821777344,981.9800415039062,216.33267211914062,320.3941955566406,1005.3704223632812,156.54307556152344,76.38805389404297,463.5496520996094,154.03427124023438,191.51683044433594,193.38999938964844,128.64215087890625,188.84861755371094,125.71940612792969,321.9722595214844
2026-03-16,110.02521514892578,307.78076171875,147.0095977783203,350.6358337402344,220.95187377929688,303.9090576171875,68.46794891357422,33.682525634765625,512.4434204101562,100.861572265625,470.7602233886719,254.85650634765625,46.76021194458008,154.92967224121094,109.5594711303711,51.18000030517578,168.85487365722656,121.24858856201172,172.70162963867188,23.030000686645508,183.7384490966797,197.4225616455078,288.8153076171875,210.8321533203125,349.5774230957031,587.0,134.2690887451172,243.3228759765625,36.96839141845703,789.0272827148438,252.36964416503906,398.33575439453125,305.1814270019531,211.74000549316406,626.3746948242188,182.80215454101562,283.4261474609375,308.8945617675781,506.77813720703125,149.86434936523438,240.6127166748047,282.1314392089844,337.5421142578125,46.5791015625,155.165283203125,193.3659210205078,986.00732421875,218.07569885253906,323.13909912109375,998.70068359375,154.42816162109375,76.86214447021484,469.1697082519531,154.88832092285156,196.98931884765625,196.5800018310547,128.21604919433594,192.1647186279297,125.19275665283203,322.1596374511719
2026-03-17,110.1238021850586,307.1081237792969,145.82879638671875,346.9936218261719,217.4119415283203,307.81817626953125,65.93209838867188,33.44462966918945,514.0171508789062,100.31232452392578,466.8315124511719,253.50550842285156,46.89716339111328,154.78219604492188,109.70535278320312,53.099998474121094,168.95411682128906,122.55844116210938,174.109130859375,23.280000686645508,185.0561065673828,198.10501098632812,286.4366149902344,214.59349060058594,348.2912902832031,589.7999877929688,132.80645751953125,241.43373107910156,36.5337028503418,786.6301879882812,253.77711486816406,397.7979431152344,310.5347900390625,215.1999969482422,621.5928955078125,181.51510620117188,284.1492004394531,307.25103759765625,504.8646240234375,149.2338409423828,235.5865478515625,284.18701171875,336.4090270996094,46.796852111816406,156.7245330810547,194.4759979248047,927.4222412109375,216.4114532470703,319.5488586425781,993.1375732421875,153.23361206054688,76.62510681152344,471.8749084472656,153.6171875,193.97994995117188,196.30999755859375,130.3960723876953,192.48146057128906,124.28852081298828,321.814453125
2026-03-18,107.90554809570312,300.1895446777344,146.9604034423828,352.89990234375,219.5752410888672,309.2727355957031,68.35091400146484,32.47320556640625,518.9349975585938,98.12533569335938,463.5903015136719,248.00498962402344,46.486305236816406,153.8974609375,109.94849395751953,51.439998626708984,170.24423217773438,123.12603759765625,174.1560516357422,22.559999465942383,182.27439880371094,197.32505798339844,287.2294921875,211.2280731201172,346.6589050292969,579.7999877929688,132.9039764404297,242.75613403320312,36.54358673095703,799.2147216796875,249.49476623535156,390.20867919921875,307.30877685546875,209.8699951171875,614.6248779296875,179.98858642578125,284.9910583496094,297.8480529785156,486.8159484863281,144.53457641601562,234.76535034179688,280.9850769042969,326.0634460449219,46.3514518737793,155.5205535888672,195.1046905517578,915.1609497070312,205.1654510498047,314.19830322265625,976.9468383789062,150.3354034423828,75.034912109375,463.86907958984375,151.83958435058594,193.0165557861328,199.4600067138672,129.28623962402344,188.84861755371094,121.2081298828125,311.3898010253906
2026-03-19,105.68730163574219,283.2774353027344,139.72799682617188,332.4248046875,211.41368103027344,303.5454406738281,65.6199951171875,32.572330474853516,507.3288269042969,95.84845733642578,447.08966064453125,241.53948974609375,45.94826889038086,147.0160675048828,105.71783447265625,49.900001525878906,166.96934509277344,120.59366607666016,170.12118530273438,22.329999923706055,178.12625122070312,188.79446411132812,278.1111145019531,204.6952667236328,338.5464782714844,586.0,130.85629272460938,231.8935089111328,35.298789978027344,775.0444946289062,248.5165252685547,387.4498596191406,306.7494812011719,208.75999450683594,605.6602783203125,178.15277099609375,285.2188415527344,298.53533935546875,489.4769287109375,142.69229125976562,235.0819549560547,277.1408386230469,323.3834533691406,46.52960968017578,156.08306884765625,197.88475036621094,914.6127319335938,203.0876007080078,318.0869140625,971.822509765625,149.55210876464844,74.6200942993164,469.37933349609375,154.44143676757812,193.66212463378906,205.27000427246094,130.08889770507812,186.38381958007812,120.3237533569336,305.32427978515625
2026-03-20,104.60282135009766,276.8393249511719,138.1044158935547,328.88104248046875,207.28375244140625,297.81817626953125,65.83456420898438,34.65394592285156,497.8865051269531,94.17076110839844,438.64288330078125,239.70599365234375,45.49827194213867,145.14825439453125,104.5507583618164,48.88999938964844,164.3395233154297,118.14860534667969,166.9777374267578,22.0,176.2718048095703,185.96717834472656,273.5519104003906,200.34002685546875,334.34185791015625,577.0,129.78370666503906,229.15423583984375,34.71590805053711,762.4600219726562,247.54823303222656,380.3287048339844,300.6270751953125,205.3699951171875,592.642578125,172.30615234375,283.8223571777344,300.4378662109375,494.6393737792969,142.14059448242188,232.87557983398438,272.347900390625,316.03314208984375,46.67808151245117,157.5732421875,198.16961669921875,903.8467407226562,201.94529724121094,308.8080749511719,969.3799438476562,146.908447265625,73.8299331665039,473.5519714355469,148.6419219970703,194.04946899414062,201.3300018310547,128.72142028808594,185.2949676513672,118.50957489013672,304.6043395996094
2026-03-23,103.66622924804688,285.6797180175781,141.5484161376953,336.6576232910156,211.6103515625,299.18182373046875,67.21952819824219,35.25860595703125,500.44378662109375,94.47034454345703,438.5446472167969,238.4514923095703,44.715675354003906,148.3431854248047,103.67544555664062,49.040000915527344,165.87771606445312,118.54155731201172,167.58767700195312,22.440000534057617,177.68704223632812,187.0883331298828,274.74127197265625,205.0911865234375,334.4407653808594,586.4000244140625,127.44349670410156,230.760009765625,35.72359848022461,769.5999755859375,251.04200744628906,381.4541931152344,301.685791015625,210.13999938964844,603.0247802734375,175.23944091796875,287.14031982421875,303.246826171875,498.68560791015625,141.8549041748047,232.925048828125,266.36907958984375,326.03387451171875,47.034400939941406,159.0140838623047,201.5882110595703,907.6845092773438,201.8074188232422,321.41510009765625,962.7999267578125,147.73092651367188,74.18550872802734,477.2753601074219,153.2696075439453,193.850830078125,202.67999267578125,127.18548583984375,186.72039794921875,120.2022933959961,304.22955322265625
2026-03-24,105.88448333740234,288.0820007324219,140.71200561523438,339.217041015625,214.46197509765625,297.9999694824219,68.46794891357422,37.38978576660156,502.607666015625,94.45037841796875,443.3573303222656,238.06549072265625,45.791748046875,149.86692810058594,103.96721649169922,47.619998931884766,162.1066436767578,118.01761627197266,167.39999389648438,21.989999771118164,179.34629821777344,186.40589904785156,274.9394836425781,207.07083129882812,338.3980407714844,584.7999877929688,126.17588806152344,231.61012268066406,36.26696014404297,774.4000244140625,251.1917266845703,371.2355651855469,290.0801696777344,207.24000549316406,591.9038696289062,174.80044555664062,289.6065368652344,302.5694885253906,497.24053955078125,141.03721618652344,232.77664184570312,269.0768737792969,326.04376220703125,47.64806365966797,163.20826721191406,203.14031982421875,900.1782836914062,202.0733184814453,317.20941162109375,970.8654174804688,147.4469757080078,73.75092315673828,489.42388916015625,146.06988525390625,181.77365112304688,205.3699951171875,127.50257110595703,192.65965270996094,121.5265884399414,303.60821533203125
2026-03-25,107.26472473144531,291.9256591796875,143.4672088623047,347.6827087402344,218.1002655029297,304.3999938964844,70.2625503540039,38.143131256103516,512.0499877929688,96.06815338134766,450.52728271484375,240.76748657226562,45.92870330810547,151.58726501464844,106.93354034423828,48.83000183105469,155.7777099609375,120.55000305175781,171.5500030517578,22.559999465942383,180.3711395263672,189.67190551757812,281.0845031738281,214.98941040039062,346.36212158203125,572.7999877929688,128.80862426757812,236.6163787841797,36.65225601196289,789.5999755859375,252.16998291015625,369.5424499511719,290.5695495605469,211.7100067138672,593.8704833984375,178.2725067138672,292.59771728515625,303.7149658203125,501.05755615234375,141.7859344482422,237.3872528076172,267.3672180175781,327.6202087402344,48.2518310546875,161.11610412597656,201.5292510986328,913.4264526367188,204.0231170654297,317.7276611328125,971.9022216796875,148.56317138671875,74.32378387451172,489.90301513671875,145.00730895996094,180.7208709716797,220.27000427246094,129.16734313964844,194.77796936035156,122.5322494506836,307.4151611328125
2026-03-26,107.85626220703125,288.6585693359375,141.6468048095703,341.9732666015625,218.00192260742188,304.20001220703125,71.54998016357422,36.953636169433594,507.5255432128906,92.15352630615234,447.58074951171875,241.25,46.36891555786133,152.12796020507812,107.27394104003906,49.880001068115234,155.0789337158203,117.6500015258789,170.4499969482422,23.170000076293945,182.51841735839844,188.0145263671875,281.48095703125,212.6138458251953,342.89947509765625,558.2000122070312,129.00364685058594,234.06602478027344,36.66213607788086,770.7999877929688,252.43951416015625,364.4928894042969,280.57196044921875,207.5399932861328,546.6015625,170.8494873046875,288.8736267089844,304.3325500488281,499.0543518066406,140.3081817626953,236.70458984375,264.8966064453125,323.6001892089844,47.747047424316406,163.25759887695312,204.12266540527344,894.17724609375,207.90310668945312,308.36956787109375,976.677734375,147.6819610595703,73.77067565917969,487.9864196777344,141.819580078125,184.3758087158203,203.77000427246094,129.3555908203125,191.45199584960938,121.6560287475586,304.6832580566406
2026-03-27,104.50423431396484,288.37030029296875,140.12159729003906,339.3154602050781,214.2653045654297,307.8999938964844,69.57981872558594,36.32915496826172,494.1488952636719,89.29744720458984,443.9466552734375,241.3000030517578,46.36891555786133,153.1110076904297,106.3499984741211,49.66999816894531,155.57806396484375,119.0999984741211,170.6999969482422,23.25,180.0783233642578,189.03819274902344,278.309326171875,209.05047607421875,341.76177978515625,551.4000244140625,127.83354187011719,232.4602508544922,36.5337028503418,749.4000244140625,248.35679626464844,355.3300476074219,274.0001220703125,199.33999633789062,524.8189697265625,167.13796997070312,280.13787841796875,294.36175537109375,482.60028076171875,140.59388732910156,237.90174865722656,255.97283935546875,316.919921875,46.49002456665039,168.7445831298828,207.42335510253906,875.4762573242188,206.2093048095703,299.6591796875,980.8749389648438,149.8458251953125,74.77811431884766,472.5237731933594,138.69142150878906,178.08889770507812,201.99000549316406,125.95672607421875,188.40316772460938,122.36298370361328,301.6949157714844
2026-03-30,105.49012756347656,288.4664001464844,141.15480041503906,340.29986572265625,214.3636474609375,316.70001220703125,69.9699478149414,37.350135803222656,494.935791015625,89.07774353027344,444.1430969238281,243.89999389648438,46.91672897338867,155.17543029785156,108.25,49.369998931884766,158.8223876953125,122.0,170.6999969482422,23.93000030517578,182.8600311279297,192.3529510498047,279.3004455566406,210.8321533203125,345.5706481933594,573.7999877929688,129.58868408203125,233.31036376953125,36.34599685668945,744.5999755859375,246.19065856933594,357.5111999511719,273.1611633300781,200.9499969482422,535.4607543945312,164.79331970214844,281.0589904785156,298.36602783203125,492.3272399902344,142.57408142089844,239.92013549804688,258.71026611328125,318.7427062988281,46.74736404418945,169.21827697753906,206.99114990234375,883.83984375,209.87261962890625,292.41387939453125,993.5563354492188,153.5469512939453,75.33122253417969,479.2019348144531,137.83738708496094,183.7699432373047,196.0399932861328,125.91709899902344,184.5327606201172,122.9703598022461,304.28875732421875
2026-03-31,104.80000305175781,293.5592346191406,142.53240966796875,351.81707763671875,220.46022033691406,318.8999938964844,71.64751434326172,38.25217056274414,499.460205078125,89.91659545898438,454.75067138671875,242.89999389648438,47.190643310546875,155.12628173828125,108.80000305175781,50.18000030517578,160.76898193359375,123.05000305175781,172.3000030517578,24.649999618530273,184.03126525878906,196.05767822265625,279.3004455566406,215.38534545898438,350.51727294921875,585.2000122070312,129.39366149902344,238.60000610351562,36.583099365234375,751.7999877929688,253.337890625,368.67596435546875,287.2037353515625,208.27000427246094,571.1494750976562,174.00225830078125,291.3497314453125,301.055419921875,497.96807861328125,142.29823303222656,241.84947204589844,267.40673828125,324.053466796875,48.2518310546875,167.4320526123047,203.2483673095703,916.8756103515625,214.17604064941406,308.459228515625,993.4067993164062,152.0488739013672,75.11393737792969,490.66168212890625,146.08975219726562,185.39878845214844,203.42999267578125,127.61157989501953,192.17459106445312,123.74702453613281,306.5177001953125
2026-04-01,108.30000305175781,302.399658203125,146.81280517578125,365.99212646484375,226.26181030273438,323.70001220703125,73.83224487304688,38.03409194946289,514.2138671875,91.69415283203125,463.4920959472656,245.10000610351562,46.554779052734375,158.96018981933594,109.44999694824219,50.599998474121094,165.61050415039062,125.8499984741211,177.75,25.690000534057617,188.61862182617188,200.0548553466797,283.8596496582031,219.34463500976562,359.8169250488281,604.4000244140625,129.78370666503906,243.3000030517578,37.531517028808594,781.2000122070312,255.17462158203125,367.8791809082031,297.0215759277344,210.57000732421875,578.2373046875,175.34918212890625,292.5580749511719,297.340087890625,489.98516845703125,141.95343017578125,241.53285217285156,270.7568664550781,324.713623046875,48.766517639160156,158.66867065429688,193.92587280273438,951.5161743164062,211.70428466796875,312.4256896972656,993.5364379882812,151.42222595214844,75.14356231689453,493.6663513183594,144.22279357910156,184.97171020507812,210.2100067138672,126.12518310546875,194.31272888183594,124.20504760742188,303.0658264160156
2026-04-02,107.80000305175781,296.5380859375,145.13999938964844,360.6764831542969,219.8702392578125,320.70001220703125,73.28606414794922,37.91514587402344,505.1649475097656,88.83807373046875,456.1257019042969,244.8000030517578,46.838470458984375,160.23817443847656,109.5,49.06999969482422,165.1613006591797,126.9000015258789,175.85000610351562,25.31999969482422,186.6177520751953,196.6426239013672,272.560791015625,213.9995880126953,350.863525390625,604.4000244140625,128.80862426757812,239.39999389648438,36.79056930541992,768.2000122070312,255.464111328125,371.9526672363281,295.403564453125,209.77000427246094,573.4755249023438,176.98545837402344,291.7855224609375,299.6210632324219,491.76910400390625,140.997802734375,240.46429443359375,273.9982604980469,316.90020751953125,48.875396728515625,158.57984924316406,195.45834350585938,932.6358032226562,205.65785217285156,313.4820861816406,1011.880615234375,153.73297119140625,75.77568817138672,490.591796875,145.36480712890625,185.9053192138672,217.5,125.64954376220703,192.897216796875,125.25054931640625,302.9178771972656
2026-04-06,,,,,,,,,,,,,,,,,,,,,,,,,,,,,,,258.3988342285156,371.3750305175781,299.6183166503906,212.7899932861328,572.0379638671875,177.23487854003906,294.125,302.1411437988281,499.80181884765625,140.6529998779297,238.41624450683594,278.0500183105469,321.84637451171875,49.54844665527344,161.2246551513672,195.35028076171875,924.142578125,203.5406036376953,313.3625183105469,1015.459716796875,153.4588165283203,76.26953125,487.3276062011719,144.53062438964844,183.7699432373047,220.17999267578125,124.5892562866211,197.40115356445312,126.24625396728516,305.5018615722656
2026-04-07,109.0,296.730224609375,145.09080505371094,364.3186950683594,219.47689819335938,318.0,72.34974670410156,38.07374572753906,515.3941650390625,90.57569122314453,458.2865295410156,243.1999969482422,47.581939697265625,157.87884521484375,108.5999984741211,49.68000030517578,164.56236267089844,125.19999694824219,175.4499969482422,25.3700008392334,185.44651794433594,198.0075225830078,277.3182067871094,215.18736267089844,351.75390625,619.5999755859375,130.85629272460938,240.1999969482422,36.94863510131836,773.5999755859375,253.0484161376953,370.78741455078125,305.08154296875,213.77000427246094,574.064453125,177.69383239746094,296.0662536621094,301.3642272949219,496.59271240234375,139.2047882080078,235.8833770751953,304.1098327636719,314.082275390625,49.76619338989258,161.757568359375,197.98297119140625,928.1599731445312,203.22547912597656,332.8362121582031,1010.1359252929688,150.01229858398438,74.97566223144531,488.6352844238281,142.1770782470703,181.7140655517578,221.52999877929688,122.9443130493164,197.71792602539062,121.9646987915039,300.6593322753906
2026-04-08,110.94999694824219,319.6000061035156,154.3896026611328,387.1562805175781,232.16172790527344,325.6000061035156,77.07032775878906,39.4317512512207,535.4591674804688,95.36911010742188,478.4212646484375,249.6999969482422,47.621070861816406,161.51614379882812,109.94999694824219,50.900001525878906,170.45205688476562,127.69999694824219,182.10000610351562,25.600000381469727,189.1066436767578,207.7567901611328,286.2383728027344,219.1466522216797,366.4948425292969,613.5999755859375,134.56161499023438,251.5,38.5490837097168,824.2000122070312,258.43878173828125,372.8191223144531,316.9268798828125,221.25,611.3704223632812,181.66476440429688,306.5888366699219,307.74908447265625,505.40277099609375,142.75140380859375,238.7427520751953,302.38043212890625,331.2165222167969,51.34984588623047,154.16854858398438,189.4856414794922,950.300048828125,208.36593627929688,349.43963623046875,1027.14404296875,151.56910705566406,76.33867645263672,502.5705871582031,142.66368103027344,175.16891479492188,231.82000732421875,126.35310363769531,206.78517150878906,126.71424865722656,302.7896728515625
2026-04-09,111.0999984741211,322.3999938964844,154.68479919433594,388.43597412109375,229.8017578125,324.79998779296875,76.4266128540039,38.98569107055664,532.5084228515625,94.09086608886719,477.7337341308594,249.6999969482422,47.53302764892578,164.76023864746094,108.05000305175781,50.099998474121094,168.6052703857422,127.3499984741211,178.89999389648438,24.690000534057617,186.86175537109375,208.24424743652344,284.454345703125,221.72019958496094,364.3677978515625,603.5999755859375,136.9018096923828,251.60000610351562,38.53920364379883,834.5999755859375,260.02593994140625,371.5642395019531,318.09539794921875,233.64999389648438,627.3131103515625,183.4906005859375,308.938232421875,307.0817565917969,502.7272644042969,144.48532104492188,238.7526397705078,303.2994689941406,334.58624267578125,52.171363830566406,153.00404357910156,187.0002899169922,952.18408203125,209.16360473632812,353.705078125,1028.89892578125,154.20297241210938,77.21771240234375,499.5758972167969,137.38204956054688,170.1109161376953,236.63999938964844,126.59092712402344,212.80361938476562,128.5762176513672,305.2947082519531
2026-04-10,110.94999694824219,326.29998779296875,155.7672119140625,396.2125549316406,235.0133514404297,330.0,77.55799102783203,38.73788070678711,539.3934326171875,94.39044952392578,490.4039001464844,248.60000610351562,48.05699920654297,164.85853576660156,108.4000015258789,50.599998474121094,171.05101013183594,128.8000030517578,181.5,24.459999084472656,187.3497772216797,212.0464630126953,289.4100036621094,226.86727905273438,369.8090515136719,601.2000122070312,139.14451599121094,255.89999389648438,39.89267349243164,843.7999877929688,260.0159912109375,369.37310791015625,316.8469543457031,238.3800048828125,628.780517578125,188.1998291015625,308.4803161621094,303.1671142578125,497.82550048828125,143.00755310058594,235.93284606933594,300.74981689453125,332.37921142578125,52.00310516357422,150.5072479248047,185.2222442626953,936.5135498046875,204.7715606689453,370.28857421875,995.4406127929688,153.7819366455078,76.5164566040039,495.23358154296875,137.6112518310547,164.2463836669922,245.0399932861328,126.89810943603516,212.55616760253906,126.2263412475586,301.4779052734375
2026-04-13,110.69999694824219,320.6000061035156,155.81640625,390.995361328125,233.9316864013672,334.70001220703125,77.18737030029297,40.869056701660156,544.3113403320312,94.9297103881836,482.3500061035156,245.10000610351562,47.66154479980469,163.67886352539062,108.1500015258789,50.439998626708984,171.400390625,129.60000610351562,183.0,24.610000610351562,187.3497772216797,212.72889709472656,290.202880859375,230.03469848632812,369.31439208984375,605.0,140.41212463378906,254.8000030517578,39.08256912231445,840.2000122070312,258.73828125,382.8186340332031,320.91192626953125,239.88999938964844,633.442626953125,188.87826538085938,312.2732238769531,308.17742919921875,507.7288818359375,141.4509735107422,235.43814086914062,309.31781005859375,336.14300537109375,52.80482482910156,150.63555908203125,188.39523315429688,926.624755859375,203.32395935058594,378.4607849121094,977.8740234375,152.62655639648438,75.46951293945312,513.321533203125,155.08047485351562,172.0723876953125,246.8300018310547,130.0492706298828,214.51612854003906,124.03577423095703,300.3240051269531
2026-04-14,110.25,322.79998779296875,159.0635986328125,393.3578796386719,238.65162658691406,337.79998779296875,78.35775756835938,41.344852447509766,548.2456665039062,95.98826599121094,490.3999938964844,247.39999389648438,47.305641174316406,165.3500518798828,109.05000305175781,51.720001220703125,175.1937713623047,132.3000030517578,185.8000030517578,24.850000381469727,191.6443328857422,216.33612060546875,296.546142578125,238.15126037597656,371.9361267089844,609.5999755859375,142.1672821044922,256.79998779296875,39.89267349243164,850.0,258.368896484375,391.5233459472656,332.49755859375,249.02000427246094,661.3546142578125,196.0618438720703,309.7247009277344,310.149658203125,512.3012084960938,142.2391357421875,237.5554656982422,310.4938049316406,337.6701965332031,52.80482482910156,147.28021240234375,183.71925354003906,919.5969848632812,207.0561981201172,379.4872741699219,971.8424682617188,152.4698944091797,74.96577453613281,526.28857421875,162.4348907470703,170.56890869140625,255.07000732421875,131.63473510742188,216.65423583984375,124.51372528076172,299.0517272949219
2026-04-15,108.25,318.6000061035156,158.81759643554688,387.94378662109375,233.7350311279297,338.5,78.35775756835938,41.28538131713867,547.8521728515625,95.98826599121094,492.70001220703125,248.10000610351562,46.761898040771484,165.54666137695312,108.69999694824219,53.880001068115234,174.39515686035156,133.0,185.89999389648438,24.649999618530273,194.865234375,220.9182891845703,297.3390197753906,243.6942596435547,371.88665771484375,625.7999877929688,142.84983825683594,253.6999969482422,40.77193069458008,848.2000122070312,265.95538330078125,409.5602722167969,336.70233154296875,248.5,670.4290771484375,198.41647338867188,304.5579833984375,314.6718444824219,519.08984375,141.2539520263672,236.14060974121094,310.3554382324219,333.92608642578125,53.76491165161133,147.05322265625,181.646484375,902.1820068359375,206.9469757080078,395.3731384277344,981.7622680664062,151.61807250976562,74.3830337524414,530.730712890625,169.22128295898438,176.8317108154297,258.1199951171875,131.84283447265625,214.10035705566406,124.22496795654297,302.0499572753906
2026-04-16,110.25,316.1000061035156,159.9984130859375,391.0937805175781,235.70167541503906,332.70001220703125,79.91828918457031,40.90870666503906,551.39306640625,99.08401489257812,491.79998779296875,247.0,46.19838333129883,167.21788024902344,108.55000305175781,55.220001220703125,171.74978637695312,131.85000610351562,183.1999969482422,27.780000686645508,196.0852813720703,226.96282958984375,306.6556396484375,246.66372680664062,371.342529296875,643.4000244140625,144.70248413085938,252.60000610351562,40.93000030517578,851.2000122070312,262.9307556152344,418.56378173828125,335.6036682128906,249.6999969482422,675.7099609375,197.8976593017578,308.5599670410156,313.86505126953125,517.6721801757812,140.9879608154297,232.0543670654297,312.6778259277344,332.1919860839844,52.96318817138672,149.98422241210938,184.8292999267578,901.1452026367188,207.51295471191406,397.1172180175781,984.21484375,155.0743865966797,74.25464630126953,515.0884399414062,177.72171020507812,180.43603515625,278.260009765625,133.2499542236328,220.8414306640625,124.28470611572266,302.7403259277344
2026-04-17,105.69999694824219,328.29998779296875,165.4595947265625,397.98443603515625,246.02651977539062,330.6000061035156,82.04450225830078,41.235816955566406,563.5894165039062,102.40945434570312,502.6000061035156,252.8000030517578,45.73373031616211,169.08567810058594,110.4000015258789,54.36000061035156,172.24891662597656,132.39999389648438,184.64999389648438,27.5,199.0133819580078,234.76223754882812,323.1084289550781,252.99859619140625,381.48309326171875,652.7999877929688,147.62774658203125,263.20001220703125,41.72999954223633,880.0,269.7486267089844,421.0835876464844,341.2566833496094,250.55999755859375,687.3699340820312,201.2200469970703,308.8984375,315.7774963378906,520.4276123046875,144.75131225585938,231.6981964111328,320.8110046386719,344.2618408203125,53.35910415649414,144.5169677734375,180.7427215576172,924.1127319335938,206.9072723388672,405.1598205566406,996.8563232421875,154.3791961669922,74.80774688720703,525.6697387695312,174.4530792236328,181.35206604003906,278.3900146484375,134.96424865722656,227.493408203125,126.95321655273438,307.079833984375
2026-04-20,108.3499984741211,322.79998779296875,163.6392059326172,392.5703430175781,243.46990966796875,328.29998779296875,81.18621063232422,42.14776611328125,555.9175415039062,102.05992889404297,496.29998779296875,249.0,46.356563568115234,166.13650512695312,110.1500015258789,54.20000076293945,170.50196838378906,132.5500030517578,182.5500030517578,26.899999618530273,196.0852813720703,232.32492065429688,319.54034423828125,254.38433837890625,377.624755859375,636.7999877929688,146.26263427734375,258.1000061035156,40.75,868.7999877929688,272.5635681152344,416.38262939453125,337.0019836425781,248.27999877929688,669.7601928710938,201.59918212890625,315.5683898925781,312.7095947265625,515.785400390625,142.3474884033203,228.2451934814453,319.6745300292969,345.8284606933594,53.3986930847168,145.7406768798828,180.01577758789062,917.0051879882812,202.27027893066406,398.2732849121094,994.8125610351562,153.71340942382812,74.55094909667969,525.0907592773438,176.96435546875,185.46420288085938,274.95001220703125,136.27227783203125,231.33412170410156,127.37140655517578,302.7206115722656
2026-04-21,108.44999694824219,320.1000061035156,162.31080627441406,386.46722412109375,235.8000030517578,328.5,81.92745971679688,42.920936584472656,557.68798828125,101.81027221679688,492.3999938964844,245.5,45.664527893066406,165.1534423828125,109.25,55.31999969482422,170.95118713378906,132.4499969482422,182.64999389648438,27.959999084472656,193.4499969482422,226.37786865234375,314.188232421875,261.906982421875,378.66351318359375,638.7999877929688,145.6775665283203,256.20001220703125,40.40999984741211,867.5999755859375,265.69586181640625,422.4480285644531,331.8783264160156,249.91000366210938,667.6937866210938,199.42417907714844,311.5962829589844,308.7252502441406,510.4942626953125,140.2096710205078,223.76319885253906,341.9394836425781,338.8624267578125,52.933494567871094,146.41175842285156,182.69760131835938,900.1782836914062,203.67030334472656,400.8046875,1002.7583618164062,151.6865997314453,73.7805404663086,523.643310546875,180.54190063476562,186.30055236816406,284.489990234375,134.33006286621094,230.7896728515625,129.04421997070312,297.6907043457031
2026-04-22,107.0999984741211,317.8999938964844,161.27760314941406,386.1719055175781,230.5,327.70001220703125,82.39562225341797,42.19732666015625,539.0,102.60917663574219,492.8999938964844,244.89999389648438,46.01054763793945,163.28564453125,108.5,56.0,171.6998748779297,131.8000030517578,181.5500030517578,28.799999237060547,196.0,228.1327362060547,311.8095397949219,263.0947570800781,378.41619873046875,628.4000244140625,144.8000030517578,255.3000030517578,39.72999954223633,900.2000122070312,272.68341064453125,431.1726989746094,338.8996276855469,255.36000061035156,673.5636596679688,202.03819274902344,311.6161804199219,310.0699768066406,509.3062438964844,140.7318115234375,223.70384216308594,349.3611145019531,334.5074157714844,52.57717514038086,147.5367889404297,183.03160095214844,918.5801391601562,199.08294677734375,421.2151184082031,1000.65478515625,150.58016967773438,73.71141052246094,513.0719604492188,186.84996032714844,188.9789276123047,303.4599914550781,134.83544921875,233.9176788330078,129.4225616455078,295.9450378417969
2026-04-23,105.6500015258789,317.20001220703125,161.7204132080078,393.9485168457031,233.0,323.20001220703125,81.88844299316406,42.01890182495117,545.7999877929688,104.80615997314453,488.0,249.3000030517578,47.04859924316406,162.00767517089844,108.9000015258789,54.400001525878906,170.3522186279297,129.75,180.0,27.989999771118164,194.0,222.38067626953125,312.6024169921875,266.26220703125,376.1407470703125,621.0,144.5,253.3000030517578,45.540000915527344,920.0,272.9429016113281,414.0719909667969,338.47015380859375,255.0800018310547,658.0203857421875,199.18470764160156,310.29217529296875,307.66943359375,501.5392761230469,143.54940795898438,228.20559692382812,350.388916015625,335.1577453613281,51.93381881713867,148.5532684326172,184.2890167236328,914.76220703125,199.52976989746094,418.5143127441406,1011.3023681640625,152.4503173828125,75.34110260009766,465.87554931640625,175.66885375976562,172.55030822753906,305.3299865722656,132.7346649169922,279.3728332519531,131.46377563476562,298.3712158203125
2026-04-24,104.5,322.1000061035156,162.8520050048828,389.7156677246094,230.6999969482422,320.29998779296875,80.83509063720703,41.59266662597656,538.4000244140625,102.01000213623047,480.6000061035156,247.60000610351562,47.53302764892578,162.7941131591797,104.44999694824219,53.619998931884766,169.45379638671875,129.35000610351562,178.35000610351562,27.8700008392334,192.0500030517578,218.48097229003906,301.70001220703125,270.617431640625,368.37457275390625,646.2000122070312,140.8000030517578,250.6999969482422,44.849998474121094,915.2000122070312,270.5771179199219,422.90618896484375,343.9732971191406,263.989990234375,673.8731689453125,207.79502868652344,306.8974609375,308.2073059082031,503.3262634277344,147.08203125,225.08900451660156,350.7446594238281,330.9505310058594,51.51810836791992,146.9545440673828,181.94119262695312,881.1782836914062,197.3056182861328,421.32476806640625,1008.0821533203125,152.19573974609375,75.68679809570312,468.8802185058594,172.67926025390625,177.3892822265625,347.80999755859375,147.49949645996094,274.3343505859375,129.3628387451172,295.2447814941406
2026-04-27,104.0,319.5,161.5236053466797,384.49847412109375,230.10000610351562,320.1000061035156,81.32275390625,41.63231658935547,540.4000244140625,100.44999694824219,480.0,245.0,46.158836364746094,158.5669708251953,103.0,53.439998626708984,170.45205688476562,129.89999389648438,178.8000030517578,28.649999618530273,194.39999389648438,214.4837646484375,296.79998779296875,269.03369140625,368.275634765625,635.7999877929688,139.6999969482422,249.6999969482422,44.560001373291016,910.2000122070312,267.1332702636719,423.1053771972656,349.90594482421875,261.1199951171875,677.4569702148438,216.1160125732422,310.232421875,308.4364013671875,505.58245849609375,147.30039978027344,222.95187377929688,350.5173645019531,327.4132995605469,52.09218215942383,146.24400329589844,181.51876831054688,865.5376586914062,195.98501586914062,416.7802429199219,994.9820556640625,150.88372802734375,74.51144409179688,467.2131652832031,172.36036682128906,179.40054321289062,334.6300048828125,148.8966827392578,266.7716979980469,127.04281616210938,286.2205810546875
2026-04-28,104.6500015258789,320.5,153.75,378.1000061035156,229.60000610351562,321.6000061035156,79.05999755859375,41.05739212036133,532.4000244140625,99.0,480.0,245.89999389648438,46.534515380859375,152.07879638671875,102.0999984741211,53.5,171.849609375,130.9499969482422,179.64999389648438,28.31999969482422,192.39999389648438,209.5116424560547,290.0,264.48052978515625,369.2154846191406,641.4000244140625,131.0,247.3000030517578,43.9900016784668,899.4000244140625,270.2277526855469,427.5174865722656,349.3466491699219,259.70001220703125,670.189453125,212.68385314941406,310.0532531738281,308.0877380371094,506.7704772949219,148.064697265625,225.37591552734375,362.45526123046875,324.220947265625,52.12187576293945,148.58287048339844,185.0355987548828,871.2495727539062,196.29281616210938,398.47259521484375,990.9841918945312,153.02798461914062,77.3856201171875,469.38934326171875,165.3846435546875,180.53561401367188,323.2099914550781,148.6390380859375,262.3172302246094,127.04281616210938,288.3706359863281
2026-04-29,106.5,318.20001220703125,153.35000610351562,380.29998779296875,228.1999969482422,323.20001220703125,81.19999694824219,40.66089630126953,536.4000244140625,99.26000213623047,474.1000061035156,242.6999969482422,46.52463150024414,153.74998474121094,103.3499984741211,52.52000045776367,172.19900512695312,130.5,179.9499969482422,28.510000228881836,185.60000610351562,202.8821563720703,286.0,264.6784973144531,365.4065856933594,640.5999755859375,125.0,247.0,43.61000061035156,902.7999877929688,269.688720703125,422.746826171875,349.5064697265625,263.0400085449219,667.9732666015625,208.77279663085938,307.86309814453125,333.5475769042969,524.3510131835938,145.37478637695312,224.9405975341797,366.3785400390625,318.0628662109375,52.33962631225586,152.63890075683594,188.8274688720703,848.5313110351562,202.44898986816406,404.0735168457031,995.6400146484375,152.0488739013672,77.89922332763672,465.43634033203125,163.26202392578125,180.43603515625,337.1099853515625,154.58460998535156,266.4945373535156,127.46102142333984,286.0923767089844
2026-04-30,108.3499984741211,319.1000061035156,154.85000610351562,383.1000061035156,229.60000610351562,323.70001220703125,83.23999786376953,40.95826721191406,548.0,99.23999786376953,482.1000061035156,244.5,47.710975646972656,154.10000610351562,105.0,52.599998474121094,171.79969787597656,130.5500030517578,181.14999389648438,28.790000915527344,183.5500030517578,204.53952026367188,287.0,264.2825622558594,368.0282897949219,642.4000244140625,126.19999694824219,247.5,44.0,914.5999755859375,270.86663818359375,406.1341552734375,384.3232421875,265.05999755859375,610.8612670898438,199.1148681640625,311.82525634765625,328.5472717285156,502.078369140625,146.00010681152344,227.41409301757812,366.1216125488281,323.96478271484375,52.9136962890625,152.30335998535156,189.8982391357422,931.6588745117188,209.8264923095703,416.0128479003906,1011.451904296875,155.1820831298828,77.79058074951172,478.1138610839844,160.83047485351562,175.76632690429688,354.489990234375,177.95066833496094,278.23443603515625,131.3642120361328,289.55413818359375
2026-05-01,,,,,,,,,,,,,,,,,,,,,,,,,,,,,,,279.6409606933594,412.76727294921875,385.2121887207031,268.260009765625,607.7067260742188,197.9974365234375,311.06866455078125,326.744384765625,494.6308288574219,146.16883850097656,224.7822723388672,364.4416198730469,319.11712646484375,52.69594955444336,150.74411010742188,187.2655487060547,960.2984619140625,205.1398468017578,419.8497619628906,1010.0940551757812,154.1246337890625,77.61279296875,468.381103515625,171.23428344726562,183.02481079101562,360.5400085449219,175.40399169921875,278.175048828125,131.03562927246094,282.6996765136719
2026-05-04,109.0999984741211,312.70001220703125,151.3000030517578,373.1000061035156,226.6999969482422,321.0,80.81999969482422,45.6369514465332,544.5999755859375,98.0999984741211,469.1000061035156,243.39999389648438,47.37484359741211,155.10000610351562,102.69999694824219,53.36000061035156,169.80319213867188,129.60000610351562,178.3000030517578,33.7400016784668,182.64999389648438,198.68997192382812,279.79998779296875,277.1502380371094,360.31158447265625,638.7999877929688,123.4000015258789,248.60000610351562,43.060001373291016,927.0,276.33685302734375,411.9505615234375,382.7751770019531,272.04998779296875,609.3638916015625,198.02734375,306.270263671875,325.5690002441406,503.8952941894531,142.3572998046875,221.82395935058594,366.388427734375,307.8256530761719,51.65667724609375,151.67176818847656,188.8863983154297,964.884033203125,206.68882751464844,415.08599853515625,1011.1823120117188,151.3634796142578,77.22759246826172,461.7828063964844,179.66494750976562,184.67759704589844,341.5400085449219,166.852294921875,278.04638671875,129.77108764648438,280.194580078125
2026-05-05,110.4000015258789,318.0,155.75,381.79998779296875,230.5,325.5,85.5999984741211,45.339576721191406,550.7999877929688,97.5999984741211,477.79998779296875,243.39999389648438,48.32392501831055,155.5,102.30000305175781,53.52000045776367,170.1026611328125,129.5500030517578,179.5,33.099998474121094,182.3000030517578,197.4225616455078,281.3999938964844,281.3075256347656,366.64324951171875,630.2000122070312,126.0,252.60000610351562,42.47999954223633,953.7999877929688,283.67376708984375,409.7196044921875,387.9487609863281,273.54998779296875,603.9232177734375,196.05186462402344,308.0124206542969,320.7678527832031,496.24810791015625,143.82632446289062,223.15966796875,359.5893859863281,310.78155517578125,52.57717514038086,152.8461456298828,189.24005126953125,985.758056640625,204.65330505371094,425.90911865234375,1014.8065185546875,151.8040771484375,77.51402282714844,465.9354248046875,184.70741271972656,186.18109130859375,355.260009765625,184.85743713378906,279.568603515625,130.22909545898438,281.2499084472656
2026-05-06,111.0999984741211,330.6000061035156,163.85000610351562,404.1000061035156,242.8000030517578,327.6000061035156,88.45999908447266,44.87369155883789,567.5999755859375,99.55999755859375,496.5,250.1999969482422,48.828121185302734,158.6999969482422,103.25,53.560001373291016,172.24891662597656,130.5,183.1999969482422,33.470001220703125,187.39999389648438,201.12728881835938,290.6000061035156,294.3731689453125,375.2998352050781,636.2000122070312,130.60000610351562,263.0,44.380001068115234,976.4000244140625,286.9978332519531,412.2891845703125,397.546875,274.989990234375,611.8296508789062,207.3560333251953,313.4877624511719,317.5505065917969,491.06683349609375,146.80410766601562,222.23951721191406,362.9592590332031,318.29931640625,53.052268981933594,146.7374267578125,181.89207458496094,983.9437866210938,203.5809326171875,423.99566650390625,994.1693725585938,152.70489501953125,78.25479125976562,472.114501953125,193.35731506347656,180.4061737060547,421.3900146484375,190.82281494140625,287.9656066894531,129.52215576171875,280.194580078125
2026-05-07,109.44999694824219,327.79998779296875,160.8000030517578,384.29998779296875,238.8000030517578,324.70001220703125,86.4000015258789,43.44629669189453,549.7999877929688,97.5199966430664,494.5,250.6999969482422,47.89881896972656,158.5,103.3499984741211,53.20000076293945,169.60353088378906,129.1999969482422,181.39999389648438,35.09000015258789,186.89999389648438,201.41976928710938,285.3999938964844,281.9013977050781,370.6499938964844,640.7999877929688,130.10000610351562,257.29998779296875,44.150001525878906,963.5999755859375,286.9279479980469,419.07171630859375,397.4969177246094,271.1700134277344,615.7528686523438,211.01766967773438,304.8964538574219,320.02081298828125,500.1016845703125,144.9777374267578,220.15185546875,365.3902893066406,317.8953552246094,52.21095657348633,144.65513610839844,179.2790069580078,971.8919067382812,201.27734375,411.1593933105469,1010.4534912109375,153.02798461914062,77.46463775634766,473.621826171875,193.91537475585938,185.5338897705078,408.4599914550781,200.71226501464844,283.7869873046875,129.64163208007812,279.8000793457031
2026-05-08,109.5999984741211,323.79998779296875,158.6999969482422,369.0,237.89999389648438,323.8999938964844,85.05999755859375,42.34601593017578,543.4000244140625,95.33999633789062,484.8999938964844,247.60000610351562,47.958133697509766,157.60000610351562,102.0,52.400001525878906,168.90475463867188,129.4499969482422,181.0,38.91999816894531,188.6999969482422,199.7623748779297,278.79998779296875,285.8606872558594,369.45001220703125,635.2000122070312,128.3000030517578,250.89999389648438,44.90999984741211,974.7999877929688,292.7974853515625,413.44451904296875,400.3034362792969,272.67999267578125,608.585205078125,214.709228515625,300.74517822265625,317.54058837890625,494.65081787109375,145.33506774902344,218.9744873046875,375.5098571777344,312.78167724609375,50.78567123413086,142.67153930664062,178.41455078125,945.4652709960938,200.1255340576172,428.5401611328125,1007.1886596679688,151.39285278320312,77.45475769042969,464.1785583496094,195.27066040039062,181.03346252441406,455.19000244140625,217.10218811035156,286.33392333984375,130.1184844970703,271.9593811035156
2026-05-11,114.6500015258789,324.20001220703125,158.9499969482422,368.1000061035156,235.3000030517578,323.29998779296875,85.16000366210938,42.663211822509766,544.0,93.83999633789062,484.0,244.0,48.38323974609375,155.0,100.6500015258789,51.7400016784668,169.0045928955078,129.64999389648438,181.3000030517578,39.66999816894531,190.64999389648438,198.29998779296875,280.0,290.6118469238281,369.6499938964844,619.0,127.19999694824219,251.39999389648438,44.650001525878906,991.5999755859375,292.42779541015625,410.99444580078125,388.15850830078125,268.989990234375,597.8336791992188,218.93955993652344,298.6545715332031,322.5906677246094,496.9768981933594,142.29774475097656,219.08331298828125,379.9173889160156,306.8206481933594,50.0334358215332,147.7144317626953,181.4794921875,963.9469604492188,201.34683227539062,426.9754943847656,997.8834228515625,146.29161071777344,77.69181060791016,451.80047607421875,193.16796875,176.72218322753906,458.7900085449219,235.3748779296875,296.24322509765625,127.28527069091797,270.8251953125
2026-05-12,114.30000305175781,319.0,155.10000610351562,360.0,232.1999969482422,321.70001220703125,82.0,41.662052154541016,534.5999755859375,94.16000366210938,478.79998779296875,248.10000610351562,48.41290283203125,151.10000610351562,100.44999694824219,51.29999923706055,168.6551971435547,129.75,179.3000030517578,38.290000915527344,190.9499969482422,197.1999969482422,280.20001220703125,267.45001220703125,366.1000061035156,635.2000122070312,124.4000015258789,247.6999969482422,43.959999084472656,967.4000244140625,294.54595947265625,406.1241760253906,386.8701171875,265.82000732421875,601.9666137695312,220.27650451660156,303.5126953125,325.8147277832031,498.9735412597656,142.8436737060547,221.88333129882812,391.726806640625,305.89447021484375,50.261085510253906,148.65196228027344,182.66812133789062,986.7549438476562,206.39093017578125,417.87646484375,1020.2578735351562,148.68067932128906,79.0449447631836,458.4886169433594,186.18228149414062,170.56890869140625,448.2900085449219,208.40185546875,293.6664123535156,130.0386962890625,271.0618896484375
2026-05-13,118.0,318.0,154.1999969482422,360.29998779296875,234.1999969482422,319.70001220703125,84.12000274658203,41.25564193725586,541.0,72.65545654296875,478.8999938964844,246.89999389648438,48.798465728759766,151.5,99.58000183105469,51.58000183105469,167.60702514648438,128.9499969482422,177.8000030517578,36.959999084472656,191.5,193.60000610351562,278.6000061035156,276.20001220703125,365.5,640.2000122070312,124.5999984741211,248.6999969482422,44.16999816894531,979.7999877929688,298.6124572753906,403.57452392578125,402.1211853027344,270.1300048828125,615.5732421875,225.3149871826172,298.9034729003906,319.7160339355469,489.81890869140625,141.18605041503906,227.97804260253906,396.4407043457031,298.1007995605469,49.33069610595703,149.57962036132812,182.71725463867188,1012.553466796875,207.0264129638672,415.3750305175781,1031.4400634765625,146.15452575683594,79.27210998535156,445.2420654296875,189.10211181640625,165.12257385253906,445.5,211.23590087890625,304.7795104980469,131.156005859375,271.9100646972656
2026-05-14,,,,,,,,,,,,,,,,,,,,,,,,,,,,,,,297.9530334472656,407.7774658203125,400.5731201171875,267.2200012207031,617.3701171875,235.202392578125,298.56500244140625,321.92193603515625,489.1200866699219,141.65257263183594,228.35401916503906,394.3950500488281,299.8743591308594,49.3405876159668,150.77371215820312,183.345947265625,1003.531982421875,209.28038024902344,438.29693603515625,1039.59716796875,145.56704711914062,79.45977783203125,447.4181823730469,194.9318389892578,166.85504150390625,449.70001220703125,198.26467895507812,306.6001892089844,132.14364624023438,271.1900939941406
2026-05-15,118.05000305175781,317.20001220703125,153.6999969482422,353.70001220703125,226.89999389648438,323.1000061035156,84.19999694824219,41.51336669921875,537.5999755859375,73.0062255859375,473.8999938964844,248.60000610351562,48.808349609375,153.3000030517578,98.31999969482422,51.84000015258789,168.804931640625,130.1999969482422,178.60000610351562,38.06999969482422,189.10000610351562,193.6999969482422,279.3999938964844,278.6000061035156,364.5,650.2000122070312,124.30000305175781,243.1999969482422,43.040000915527344,983.7999877929688,299.9713134765625,420.2170715332031,396.2884216308594,264.1400146484375,613.1773681640625,224.80615234375,296.4743957519531,325.1459655761719,493.3729553222656,140.52101135253906,224.307373046875,389.2166748046875,293.1349182128906,49.261409759521484,156.90402221679688,187.72723388671875,1003.4819946289062,208.90306091308594,423.7464904785156,1047.284912109375,146.0076446533203,79.82522583007812,437.5656433105469,192.2810516357422,172.75938415527344,424.1000061035156,199.66188049316406,301.1878967285156,131.1360626220703,272.5906066894531
2026-05-18,119.94999694824219,313.3999938964844,154.5,361.70001220703125,231.1999969482422,327.70001220703125,85.08000183105469,42.77225112915039,541.2000122070312,80.57416534423828,474.29998779296875,252.5,49.53004455566406,154.5,98.80000305175781,51.86000061035156,171.99935913085938,131.5500030517578,180.5500030517578,38.40999984741211,191.75,195.8000030517578,282.6000061035156,272.0,366.20001220703125,663.5999755859375,124.5999984741211,243.6999969482422,42.43000030517578,968.0,297.5833435058594,421.83056640625,396.4482421875,264.8599853515625,610.1625366210938,221.81300354003906,299.3813171386719,332.023193359375,504.9435729980469,141.33493041992188,226.4939422607422,386.5286865234375,295.4010925292969,50.17200469970703,159.45748901367188,192.65863037109375,986.6761474609375,207.92999267578125,419.2817077636719,1074.76123046875,145.94891357421875,80.2005386352539,441.21917724609375,185.96304321289062,178.7035675048828,420.989990234375,201.79237365722656,299.0687561035156,133.02154541015625,278.5870056152344
2026-05-19,119.55000305175781,310.20001220703125,152.5,360.6000061035156,230.39999389648438,330.8999938964844,84.54000091552734,39.630001068115234,543.5999755859375,84.3583984375,477.1000061035156,254.39999389648438,50.30117416381836,157.1999969482422,99.44000244140625,52.52000045776367,172.79795837402344,133.0,181.60000610351562,38.869998931884766,195.0,197.0500030517578,289.3999938964844,276.20001220703125,368.1499938964844,711.7999877929688,126.69999694824219,241.3000030517578,42.599998474121094,950.5999755859375,298.7123718261719,415.7352600097656,387.1797180175781,259.3399963378906,601.5772705078125,220.1068878173828,294.3738708496094,329.2982482910156,498.86376953125,140.2530059814453,227.56248474121094,384.6609191894531,297.9924011230469,50.18190383911133,161.50424194335938,195.54345703125,1019.9484252929688,212.24923706054688,409.6744384765625,1092.5828857421875,147.2315673828125,80.91168212890625,447.0189208984375,180.83090209960938,178.64382934570312,414.04998779296875,193.83523559570312,300.77001953125,133.87948608398438,276.93994140625
2026-05-20,120.19999694824219,312.79998779296875,155.25,370.3999938964844,234.39999389648438,336.1000061035156,87.73999786376953,39.77000045776367,545.4000244140625,86.21420288085938,486.0,253.60000610351562,50.16276550292969,159.10000610351562,99.12000274658203,53.119998931884766,174.94419860839844,135.0,183.85000610351562,38.77000045776367,196.9499969482422,200.39999389648438,294.20001220703125,288.20001220703125,372.20001220703125,714.5999755859375,129.0,245.8000030517578,42.7400016784668,963.5999755859375,301.98956298828125,419.36053466796875,388.4281921386719,265.010009765625,604.0230712890625,222.9603729248047,300.625732421875,330.1366882324219,497.20654296875,141.3845672607422,226.88970947265625,378.790771484375,306.0126953125,50.70648956298828,155.27456665039062,189.6746826171875,1017.4120483398438,210.799560546875,416.34173583984375,1072.30517578125,146.17410278320312,80.5462417602539,450.99188232421875,187.50767517089844,179.32089233398438,447.5799865722656,200.67262268066406,303.3269348144531,130.53749084472656,276.4172058105469
2026-05-21,123.30000305175781,313.1000061035156,156.64999389648438,376.3999938964844,235.60000610351562,341.6000061035156,87.91999816894531,40.400001525878906,549.0,82.77999877929688,488.0,253.5,49.885948181152344,157.6999969482422,99.68000030517578,55.279998779296875,176.3417510986328,136.1999969482422,185.35000610351562,38.279998779296875,196.5,199.14999389648438,294.0,290.6000061035156,376.5,697.0,129.1999969482422,244.39999389648438,42.43000030517578,977.4000244140625,304.7271728515625,418.3025207519531,387.1797180175781,268.4599914550781,606.3390502929688,219.0093994140625,301.6411437988281,330.5060119628906,498.78387451171875,142.3374481201172,229.27415466308594,377.98046875,309.1656494140625,50.96383285522461,154.2909393310547,189.35743713378906,1040.1595458984375,212.9840087890625,413.1625671386719,1048.782470703125,145.74330139160156,80.17090606689453,448.5761413574219,189.11209106445312,175.5472869873047,449.5899963378906,211.47372436523438,296.8700256347656,121.05020141601562,280.2734680175781
2026-05-22,125.8499984741211,314.79998779296875,157.14999389648438,382.3999938964844,239.60000610351562,343.70001220703125,90.5199966430664,40.349998474121094,551.4000244140625,87.04000091552734,498.29998779296875,257.3999938964844,49.98481369018555,155.3000030517578,99.4000015258789,56.84000015258789,177.6394805908203,137.64999389648438,186.9499969482422,37.95000076293945,196.25,199.6999969482422,295.20001220703125,298.79998779296875,380.54998779296875,700.0,130.60000610351562,248.0,43.16999816894531,997.7999877929688,308.55389404296875,417.7835388183594,382.49554443359375,266.32000732421875,609.2141723632812,214.83892822265625,305.0059814453125,328.2701721191406,497.7056884765625,143.3697509765625,231.85650634765625,383.89996337890625,308.4660949707031,51.270660400390625,153.92332458496094,189.7738037109375,1063.47607421875,214.17552185058594,412.7340393066406,1026.6077880859375,147.42738342285156,80.47710418701172,447.4880676269531,191.41407775878906,179.291015625,467.510009765625,235.99917602539062,307.6348876953125,119.98275756835938,278.3897399902344
2026-05-25,125.9000015258789,322.0,161.10000610351562,389.70001220703125,245.8000030517578,348.20001220703125,92.04000091552734,39.689998626708984,551.5999755859375,89.22000122070312,506.20001220703125,259.70001220703125,49.490501403808594,160.3000030517578,101.05000305175781,59.459999084472656,180.88381958007812,138.64999389648438,190.14999389648438,37.83000183105469,197.9499969482422,203.0,302.79998779296875,295.6000061035156,387.04998779296875,703.2000122070312,136.39999389648438,254.0,44.310001373291016,1009.5,,,,,,,,,,,,,,,,,,,,,,,,,,,,,,
2026-05-26,126.8499984741211,320.6000061035156,158.9499969482422,387.70001220703125,244.0,343.29998779296875,92.66000366210938,37.97999954223633,536.4000244140625,85.45999908447266,504.20001220703125,260.3999938964844,49.09505081176758,158.5,100.0999984741211,58.220001220703125,178.78749084472656,136.89999389648438,186.5500030517578,38.0,192.64999389648438,197.8000030517578,297.3999938964844,289.79998779296875,382.8500061035156,699.0,135.60000610351562,250.5,43.47999954223633,1007.5,308.0643005371094,415.248291015625,388.398193359375,265.2900085449219,611.2905883789062,214.37001037597656,305.3643493652344,325.8746337890625,492.1849365234375,141.9007110595703,229.0503387451172,372.4265441894531,305.97332763671875,51.66657638549805,148.84619140625,183.11195373535156,1063.2164306640625,211.61375427246094,420.5773010253906,1001.3379516601562,142.6394500732422,79.46965026855469,447.38824462890625,192.3906707763672,178.3052978515625,503.8900146484375,246.56246948242188,323.2350158691406,118.28681945800781,275.4211120605469
2026-05-27,121.25,325.20001220703125,159.0500030517578,387.29998779296875,250.89999389648438,342.0,93.0999984741211,37.29999923706055,536.4000244140625,84.4000015258789,504.79998779296875,264.1000061035156,48.85778045654297,155.39999389648438,102.55000305175781,57.400001525878906,178.03880310058594,136.35000610351562,186.64999389648438,37.33000183105469,192.10000610351562,198.85000610351562,298.3999938964844,292.20001220703125,383.20001220703125,688.0,135.0,251.8000030517578,42.93000030517578,986.7999877929688,310.5821533203125,411.8946228027344,388.3482360839844,271.8500061035156,634.1713256835938,212.1151580810547,297.93780517578125,327.00250244140625,494.2115478515625,146.39715576171875,230.15489196777344,379.4924621582031,313.17578125,50.577816009521484,146.948486328125,180.82192993164062,1081.3704833984375,213.8776397705078,420.42779541015625,1002.0967407226562,144.6564483642578,80.6153793334961,455.404052734375,190.2979736328125,176.74208068847656,495.5400085449219,231.2823486328125,315.8329162597656,118.25688934326172,277.0583190917969
2026-05-28,119.0,323.3999938964844,156.5,376.20001220703125,245.3000030517578,338.0,94.04000091552734,36.29999923706055,518.7999877929688,84.72000122070312,497.0,260.0,48.8775520324707,152.1999969482422,102.9000015258789,56.779998779296875,176.99063110351562,135.6999969482422,184.0,38.0,188.5,195.14999389648438,292.3999938964844,286.79998779296875,377.8999938964844,688.0,134.3000030517578,249.0,42.150001525878906,986.7999877929688,312.24072265625,426.18768310546875,389.64666748046875,274.0,634.2012329101562,213.7613983154297,295.3992614746094,324.3474426269531,492.9237060546875,144.828857421875,229.66729736328125,378.0298767089844,316.48638916015625,50.251190185546875,146.01454162597656,181.4464874267578,1125.1876220703125,217.08482360839844,425.13177490234375,993.6202392578125,143.23670959472656,79.42027282714844,486.3592834472656,202.99378967285156,175.4078826904297,518.0900268554688,241.08261108398438,314.340576171875,118.61603546142578,274.14886474609375
2026-05-29,120.0999984741211,325.5,157.0,376.5,242.89999389648438,341.3999938964844,95.18000030517578,36.27000045776367,519.4000244140625,85.41999816894531,506.20001220703125,259.6000061035156,48.94675827026367,154.1999969482422,101.80000305175781,56.52000045776367,176.94070434570312,136.4499969482422,184.89999389648438,39.58000183105469,189.85000610351562,199.5500030517578,297.3999938964844,275.20001220703125,380.75,696.7999877929688,135.0,250.39999389648438,43.400001525878906,988.4000244140625,311.7911071777344,449.3940124511719,379.8687744140625,270.6400146484375,631.426025390625,210.6584930419922,297.9676818847656,325.75482177734375,493.1533203125,142.4962615966797,224.22413635253906,375.8359680175781,312.47625732421875,51.07270812988281,144.32546997070312,180.8814239501953,1103.4188232421875,216.18125915527344,445.25323486328125,954.8019409179688,141.18055725097656,78.0374984741211,491.63995361328125,224.9972381591797,190.27330017089844,516.0999755859375,248.74249267578125,304.12286376953125,115.47355651855469,275.3619384765625
2026-06-01,122.69999694824219,314.6000061035156,153.3000030517578,369.29998779296875,235.89999389648438,338.3999938964844,93.86000061035156,35.720001220703125,511.20001220703125,86.73999786376953,500.0,254.39999389648438,48.620513916015625,151.5,102.25,57.0,175.5930633544922,135.6999969482422,181.64999389648438,42.25,185.60000610351562,194.89999389648438,292.6000061035156,274.0,379.75,700.0,131.0,243.3000030517578,42.060001373291016,985.2000122070312,306.0460510253906,459.6546936035156,375.9037170410156,261.260009765625,599.4408569335938,223.8483428955078,295.2499084472656,322.1714782714844,494.42120361328125,139.24057006835938,222.41307067871094,375.3912658691406,306.12109375,50.98362350463867,148.41897583007812,184.22225952148438,1080.6513671875,211.4250946044922,458.4084167480469,944.608154296875,138.56626892089844,77.67205810546875,493.1672668457031,247.28968811035156,208.69326782226562,510.1300048828125,226.91238403320312,291.7064514160156,114.32630157470703,272.31439208984375
2026-06-02,127.3499984741211,327.20001220703125,161.6999969482422,382.6000061035156,248.39999389648438,334.5,95.04000091552734,36.34000015258789,522.5999755859375,86.69999694824219,506.0,255.89999389648438,49.06539535522461,153.39999389648438,101.69999694824219,60.70000076293945,175.1438446044922,134.64999389648438,182.3000030517578,42.47999954223633,185.5,196.14999389648438,297.0,281.0,382.6000061035156,703.0,134.89999389648438,245.8000030517578,42.47999954223633,1019.0,314.92840576171875,440.48077392578125,361.4017028808594,256.5199890136719,596.6057739257812,222.3118438720703,299.6102600097656,316.7315979003906,476.8805847167969,139.77658081054688,221.79611206054688,373.4740905761719,306.9388732910156,51.94371795654297,148.59780883789062,185.92738342285156,1062.6273193359375,213.8776397705078,479.9350891113281,952.7552490234375,139.0362548828125,77.44489288330078,481.2283630371094,243.73207092285156,199.97116088867188,521.5399780273438,238.65484619140625,306.5504455566406,112.78997802734375,274.4095153808594
2026-06-03,127.0,327.79998779296875,162.14999389648438,380.5,249.60000610351562,332.8999938964844,97.08000183105469,36.38999938964844,539.2000122070312,84.9800033569336,501.79998779296875,256.79998779296875,49.03573226928711,155.39999389648438,102.05000305175781,57.29999923706055,175.09393310546875,133.8000030517578,180.9499969482422,40.959999084472656,188.89999389648438,195.64999389648438,299.0,275.79998779296875,379.29998779296875,697.0,133.0,245.1999969482422,42.099998474121094,1016.5,309.9926452636719,426.53704833984375,358.54522705078125,250.02000427246094,621.912353515625,214.26025390625,299.50079345703125,311.8207092285156,470.7608337402344,139.1512451171875,222.1444091796875,372.5649108886719,308.3675537109375,51.864532470703125,151.5487060546875,188.06869506835938,1077.236328125,215.59542846679688,477.6030578613281,960.30322265625,139.56497192382812,77.79058074951172,473.1127624511719,229.53146362304688,189.78541564941406,542.52001953125,247.7416534423828,307.0180358886719,116.61083221435547,271.3612060546875
2026-06-04,124.19999694824219,325.79998779296875,161.39999389648438,382.29998779296875,246.39999389648438,334.6000061035156,98.54000091552734,36.72999954223633,542.2000122070312,87.31999969482422,499.0,254.0,48.393131256103516,156.5,102.05000305175781,59.119998931884766,175.792724609375,134.5500030517578,181.8000030517578,42.150001525878906,194.35000610351562,197.25,304.0,275.20001220703125,380.70001220703125,709.2000122070312,132.39999389648438,243.8000030517578,41.81999969482422,1006.5,310.9618225097656,427.2456970214844,371.7289123535156,253.7899932861328,626.4944458007812,218.4156036376953,309.4957580566406,319.5862731933594,480.9537658691406,139.7368621826172,227.05020141601562,391.80584716796875,307.6826171875,53.6164436340332,151.0618438720703,186.720458984375,1123.6597900390625,223.3502197265625,417.4878234863281,970.8064575195312,139.18312072753906,75.87445831298828,481.178466796875,235.5206298828125,187.9334716796875,523.2000122070312,241.2569580078125,303.814453125,117.45880126953125,270.79522705078125
2026-06-05,121.0,321.5,159.6999969482422,379.79998779296875,246.60000610351562,336.1000061035156,97.22000122070312,36.9900016784668,539.4000244140625,85.36000061035156,497.6000061035156,256.79998779296875,47.72086715698242,156.0,102.0999984741211,58.959999084472656,175.69288635253906,134.60000610351562,185.1999969482422,40.650001525878906,194.35000610351562,196.1999969482422,302.6000061035156,273.0,379.95001220703125,697.5999755859375,132.10000610351562,245.1999969482422,41.54999923706055,987.4000244140625,307.0751647949219,415.8870849609375,368.07342529296875,246.02999877929688,591.9837646484375,204.87075805664062,310.9691162109375,322.9700012207031,490.2581481933594,145.4541778564453,231.6276397705078,394.77056884765625,308.50653076171875,53.5567512512207,148.9554901123047,185.689453125,1129.801025390625,225.62403869628906,384.42047119140625,970.3272705078125,140.41990661621094,78.50171661376953,471.9647521972656,212.93917846679688,184.85684204101562,466.3800048828125,214.77110290527344,283.60791015625,118.59607696533203,277.8649597167969
2026-06-08,118.9000015258789,323.6000061035156,160.85000610351562,376.20001220703125,244.89999389648438,335.0,95.94000244140625,36.41999816894531,538.4000244140625,84.55999755859375,503.79998779296875,254.60000610351562,48.49198913574219,155.39999389648438,102.0,59.02000045776367,174.1955108642578,133.8000030517578,182.9499969482422,40.36000061035156,191.9499969482422,194.85000610351562,303.3999938964844,273.3999938964844,380.6000061035156,695.5999755859375,131.0,241.10000610351562,41.58000183105469,977.4000244140625,301.2801818847656,410.9663391113281,363.0766296386719,245.22000122070312,584.3867797851562,208.40679931640625,309.7147521972656,319.0772399902344,484.85723876953125,144.0248565673828,231.0206298828125,401.78704833984375,307.4443664550781,53.357765197753906,150.77371215820312,187.60276794433594,1147.505615234375,221.4934539794922,395.2535705566406,973.2026977539062,139.19300842285156,78.56098175048828,468.80035400390625,211.0856475830078,181.7602996826172,490.3299865722656,216.59120178222656,289.41815185546875,119.54381561279297,275.8194885253906
2026-06-09,111.44999694824219,318.8999938964844,159.3000030517578,369.8999938964844,240.6999969482422,334.1000061035156,95.41999816894531,36.279998779296875,530.2000122070312,81.94000244140625,497.5,260.6000061035156,49.01596450805664,155.3000030517578,102.4000015258789,57.540000915527344,173.7962188720703,133.9499969482422,182.39999389648438,39.400001525878906,192.5,192.25,304.6000061035156,265.79998779296875,377.75,701.4000244140625,129.8000030517578,237.39999389648438,41.34000015258789,956.4000244140625,290.29962158203125,402.6520080566406,364.0260314941406,244.19000244140625,583.588134765625,207.95730590820312,311.2976379394531,324.4472351074219,494.41119384765625,147.5684051513672,235.8368682861328,408.1413879394531,318.9793395996094,54.14375305175781,147.95199584960938,185.1442108154297,1143.0421142578125,223.8268280029297,390.8286437988281,967.052490234375,141.2708282470703,80.33881378173828,493.19720458984375,205.0964813232422,174.59144592285156,475.510009765625,204.30804443359375,287.15972900390625,118.59607696533203,280.2579650878906
2026-06-10,111.4000015258789,306.0,159.4499969482422,365.0,236.0,337.3999938964844,95.55999755859375,35.650001525878906,528.4000244140625,80.44000244140625,494.6000061035156,263.1000061035156,49.5498161315918,157.0,100.05000305175781,56.97999954223633,172.9976043701172,134.39999389648438,183.5,38.439998626708984,191.10000610351562,191.60000610351562,304.0,263.0,377.04998779296875,725.4000244140625,130.5,235.3000030517578,40.380001068115234,942.5999755859375,291.3287353515625,396.61334228515625,356.1510925292969,238.0,570.00146484375,200.19598388671875,307.75360107421875,322.3611145019531,488.2615051269531,147.94558715820312,237.31956481933594,402.66656494140625,316.5870056152344,54.263145446777344,149.65098571777344,188.1579132080078,1134.743896484375,223.3601531982422,370.8367614746094,981.8090209960938,142.7945556640625,82.56111907958984,481.1884460449219,200.56224060058594,170.18060302734375,452.3999938964844,190.16502380371094,280.5734558105469,120.30199432373047,280.5260314941406
2026-06-11,113.0999984741211,310.20001220703125,161.5,369.0,236.6999969482422,340.1000061035156,98.18000030517578,35.849998474121094,525.7999877929688,78.44000244140625,496.79998779296875,262.20001220703125,50.4000358581543,156.10000610351562,98.45999908447266,57.099998474121094,174.445068359375,135.0500030517578,183.89999389648438,37.279998779296875,187.60000610351562,190.5,302.79998779296875,267.0,376.8999938964844,719.2000122070312,130.1999969482422,235.89999389648438,40.2400016784668,970.0,295.375244140625,389.6065673828125,357.5401611328125,241.50999450683594,567.455810546875,204.64100646972656,312.0840759277344,318.4583740234375,485.6958312988281,147.2408447265625,237.16033935546875,400.7790222167969,323.6251220703125,54.87999725341797,145.6568603515625,184.2123565673828,1159.2886962890625,223.18142700195312,384.2610168457031,974.1411743164062,142.21078491210938,81.51417541503906,474.8197021484375,183.4617462158203,166.15768432617188,488.45001220703125,201.8613739013672,295.5865783691406,120.21221160888672,282.7601623535156
2026-06-12,116.5999984741211,315.1000061035156,164.1999969482422,378.6000061035156,237.89999389648438,347.8999938964844,101.0,36.290000915527344,530.7999877929688,79.0,501.20001220703125,265.1000061035156,51.092071533203125,157.10000610351562,100.05000305175781,58.220001220703125,177.6894073486328,138.35000610351562,188.89999389648438,37.65999984741211,196.25,192.14999389648438,307.79998779296875,270.79998779296875,379.1000061035156,726.2000122070312,132.89999389648438,240.1999969482422,41.310001373291016,964.7999877929688,290.879150390625,390.00579833984375,359.4489440917969,238.5500030517578,566.0082397460938,204.96066284179688,319.28167724609375,321.7922058105469,489.1600341796875,148.50143432617188,239.6878662109375,403.714111328125,325.98773193359375,55.735633850097656,146.064208984375,185.60023498535156,1131.3787841796875,226.12049865722656,380.7729187011719,980.7905883789062,142.74508666992188,81.60306549072266,468.5108947753906,183.49163818359375,165.59866333007812,511.57000732421875,210.57394409179688,299.5860900878906,120.75092315673828,282.7998962402344
2026-06-15,114.55000305175781,320.20001220703125,165.64999389648438,388.29998779296875,245.5,345.79998779296875,101.0999984741211,36.380001068115234,528.4000244140625,80.0,506.0,265.0,48.92698669433594,154.89999389648438,101.30000305175781,56.5,179.3864288330078,138.5500030517578,192.75,37.52000045776367,196.5,192.4499969482422,309.79998779296875,275.6000061035156,382.8500061035156,717.5999755859375,134.39999389648438,243.8000030517578,41.68000030517578,974.7999877929688,296.1645812988281,399.0088806152344,369.1127624511719,246.02000427246094,593.011962890625,212.21253967285156,317.96759033203125,323.21954345703125,489.81890869140625,149.3451385498047,234.50344848632812,408.52447509765625,327.4072570800781,55.58639144897461,140.01339721679688,178.8392333984375,1127.7340087890625,220.02389526367188,392.60260009765625,977.895263671875,144.7041473388672,80.43006896972656,473.357177734375,191.97213745117188,164.26101684570312,547.260009765625,219.61474609375,311.74383544921875,120.53144836425781,284.10064697265625
2026-06-16,109.75,319.3999938964844,169.5500030517578,390.70001220703125,244.3000030517578,348.1000061035156,100.1500015258789,35.970001220703125,543.7999877929688,80.19999694824219,505.20001220703125,264.70001220703125,48.50188064575195,152.5,101.5,55.959999084472656,178.68765258789062,139.35000610351562,192.8000030517578,35.540000915527344,195.0,194.1999969482422,309.20001220703125,272.3999938964844,383.6499938964844,712.2000122070312,133.39999389648438,243.3000030517578,40.529998779296875,990.7999877929688,298.9821472167969,393.0899963378906,373.01025390625,246.0,599.7366943359375,207.1781768798828,329.6549377441406,332.5022888183594,500.4909973144531,151.360107421875,234.02578735351562,405.15521240234375,334.6240539550781,56.55147171020508,140.9473419189453,178.55174255371094,1120.893798828125,220.89767456054688,375.43109130859375,985.11376953125,144.5755157470703,79.80380249023438,472.26800537109375,187.6770782470703,161.42601013183594,507.2900085449219,212.91123962402344,304.1527099609375,120.7409439086914,285.8978576660156
2026-06-17,109.6500015258789,319.0,170.64999389648438,397.29998779296875,243.3000030517578,352.70001220703125,98.66000366210938,35.81999969482422,547.2000122070312,83.23999786376953,507.3999938964844,269.29998779296875,48.165748596191406,151.0,101.0999984741211,55.5,180.78399658203125,140.39999389648438,193.1999969482422,34.4900016784668,193.4499969482422,194.64999389648438,306.0,266.0,386.25,699.4000244140625,132.3000030517578,247.39999389648438,38.66999816894531,1012.5,295.6949768066406,378.1980285644531,363.55633544921875,237.5,567.1324462890625,204.42124938964844,331.9645080566406,329.76739501953125,492.1649475097656,149.44439697265625,233.0506134033203,397.08489990234375,325.0843811035156,56.2430419921875,139.8345489501953,176.04364013671875,1110.4088134765625,219.66644287109375,391.5661315917969,964.0572509765625,140.09339904785156,79.45587921142578,461.3363952636719,182.8937225341797,154.7477569580078,512.47998046875,211.8171844482422,300.34222412109375,117.84786987304688,281.81689453125
2026-06-18,109.94999694824219,321.6000061035156,172.85000610351562,406.70001220703125,246.10000610351562,355.6000061035156,94.22000122070312,35.16999816894531,552.5999755859375,81.55999755859375,513.7999877929688,267.5,47.76041030883789,151.8000030517578,102.1500015258789,53.34000015258789,180.33477783203125,141.0500030517578,194.5500030517578,32.95000076293945,193.89999389648438,194.4499969482422,307.0,256.3999938964844,391.1499938964844,692.5999755859375,131.0,253.89999389648438,38.86000061035156,1037.5,297.7532043457031,378.6871032714844,367.7935791015625,244.38999938964844,576.7647705078125,210.4545135498047,323.761474609375,326.6331787109375,488.9703369140625,149.26573181152344,227.2691192626953,398.50616455078125,331.8346252441406,55.91471862792969,136.92340087890625,172.1278076171875,1096.9979248046875,214.95994567871094,409.9534912109375,949.939697265625,140.51885986328125,78.91908264160156,464.2541198730469,183.6510772705078,151.51344299316406,537.3699951171875,224.88604736328125,321.21533203125,116.90013885498047,276.6436462402344
2026-06-22,111.94999694824219,321.6000061035156,172.9499969482422,405.0,249.39999389648438,360.5,95.86000061035156,35.4900016784668,560.5999755859375,82.0199966430664,518.0,268.3999938964844,48.53153610229492,150.60000610351562,101.9000015258789,53.84000015258789,184.42762756347656,142.10000610351562,195.60000610351562,34.02000045776367,192.75,190.10000610351562,306.6000061035156,258.20001220703125,393.75,699.0,126.9000015258789,253.0,38.41999816894531,1055.5,296.75408935546875,366.6497802734375,349.45538330078125,232.7899932861328,563.4053344726562,208.41677856445312,329.993408203125,325.994384765625,483.2798767089844,146.58572387695312,230.15489196777344,404.191162109375,324.23065185546875,57.07877731323242,137.57916259765625,173.54544067382812,1100.5029296875,228.38438415527344,391.4172668457031,949.8397827148438,139.22271728515625,79.0582504272461,463.65460205078125,174.4630584716797,149.85635375976562,551.6300048828125,220.69883728027344,330.5873718261719,116.90013885498047,268.1937255859375
2026-06-23,112.0,317.5,168.9499969482422,393.0,247.6999969482422,356.5,95.08000183105469,34.63999938964844,546.2000122070312,80.55999755859375,510.3999938964844,270.3999938964844,48.85778045654297,150.60000610351562,100.19999694824219,52.959999084472656,181.5825958251953,141.3000030517578,192.9499969482422,35.04999923706055,192.8000030517578,187.8000030517578,301.0,254.60000610351562,388.6499938964844,690.2000122070312,124.5,252.5,36.45000076293945,1030.0,294.04638671875,373.23736572265625,345.90765380859375,234.11000061035156,561.7566528320312,199.81640625,332.6414794921875,327.87091064453125,487.2532043457031,149.74217224121094,237.9066619873047,406.74542236328125,322.0765380859375,57.61603927612305,138.83103942871094,174.4574737548828,1105.495849609375,233.10081481933594,379.4590148925781,956.1597900390625,140.5485382080078,79.8336181640625,468.9905090332031,164.58740234375,153.1505584716797,519.8499755859375,203.02503967285156,302.8095703125,119.1347885131836,269.7427062988281
2026-06-24,109.0999984741211,318.20001220703125,167.5,386.8999938964844,248.39999389648438,353.0,92.4800033569336,35.91999816894531,557.2000122070312,80.37999725341797,514.4000244140625,275.8999938964844,48.15585708618164,155.10000610351562,100.80000305175781,52.20000076293945,179.48626708984375,140.1999969482422,190.14999389648438,35.52000045776367,196.1999969482422,192.5500030517578,317.20001220703125,251.8000030517578,392.0,675.4000244140625,125.19999694824219,257.70001220703125,37.33000183105469,1044.0,292.8274230957031,364.7733154296875,345.0682067871094,234.27000427246094,557.230224609375,198.77757263183594,331.95458984375,331.61395263671875,493.5826110839844,150.91342163085938,239.81723022460938,403.3165283203125,340.3518371582031,57.43695068359375,136.01925659179688,169.9666748046875,1115.6612548828125,233.2299041748047,381.37554931640625,959.5643920898438,140.76622009277344,80.12190246582031,491.8230285644531,156.98385620117188,152.49171447753906,519.739990234375,196.34141540527344,301.5659484863281,118.71578979492188,271.947021484375
2026-06-25,108.44999694824219,329.1000061035156,170.60000610351562,396.5,252.5,356.5,93.54000091552734,36.970001220703125,564.0,80.62000274658203,521.4000244140625,277.29998779296875,47.849388122558594,156.3000030517578,100.9000015258789,52.13999938964844,179.03704833984375,141.14999389648438,190.25,37.099998474121094,199.85000610351562,192.25,316.20001220703125,257.0,397.5,664.7999877929688,126.30000305175781,262.6000061035156,37.7400016784668,1039.5,274.91290283203125,352.1670227050781,343.48919677734375,227.00999450683594,542.44189453125,195.52122497558594,333.6170654296875,329.9071044921875,488.101806640625,147.399658203125,243.67820739746094,412.98699951171875,342.4761962890625,57.894615173339844,136.66506958007812,170.74984741210938,1126.0762939453125,241.4215850830078,378.2212829589844,940.7442626953125,138.0452880859375,79.9429702758789,505.3626403808594,151.9314422607422,149.92623901367188,532.5700073242188,203.79086303710938,310.2216491699219,115.50347900390625,262.6729431152344
2026-06-26,106.6500015258789,324.6000061035156,167.0,385.70001220703125,246.3000030517578,358.8999938964844,91.4000015258789,36.31999969482422,559.2000122070312,80.9800033569336,515.0,278.29998779296875,48.11631393432617,156.39999389648438,99.73999786376953,50.81999969482422,180.23495483398438,141.60000610351562,190.9499969482422,37.68000030517578,197.5500030517578,191.0500030517578,316.20001220703125,259.3999938964844,394.3500061035156,658.2000122070312,125.5999984741211,258.79998779296875,37.86000061035156,1011.5,283.53546142578125,372.2691955566406,337.17327880859375,232.69000244140625,549.8161010742188,192.31480407714844,327.57427978515625,335.6065368652344,498.18487548828125,147.9158172607422,253.4102020263672,425.2713623046875,346.3079528808594,57.5861930847168,135.66156005859375,169.58004760742188,1206.3912353515625,251.55943298339844,364.35650634765625,951.0279541015625,139.89552307128906,82.13985443115234,512.6370849609375,148.0150604248047,158.0918731689453,521.5800170898438,188.3648223876953,283.97601318359375,115.41370391845703,267.8561096191406
2026-06-29,107.9000015258789,323.5,168.5,389.79998779296875,243.89999389648438,358.6000061035156,89.08000183105469,35.70000076293945,565.7999877929688,80.58000183105469,518.7999877929688,274.8999938964844,47.730751037597656,160.39999389648438,98.73999786376953,51.63999938964844,181.78225708007812,141.60000610351562,190.85000610351562,38.45000076293945,197.75,191.89999389648438,315.79998779296875,261.79998779296875,397.0,678.4000244140625,125.80000305175781,257.0,37.47999954223633,1025.0,281.4972229003906,367.8774719238281,353.4228210449219,240.13999938964844,562.1563110351562,194.7520751953125,327.91278076171875,341.0164794921875,508.787109375,147.3500213623047,257.2413024902344,417.2507629394531,348.24371337890625,57.5861930847168,135.18466186523438,167.012451171875,1228.170166015625,252.5126495361328,371.7730407714844,945.17724609375,137.2141571044922,82.15974426269531,506.0321350097656,147.2477264404297,157.6526336669922,539.489990234375,187.69845581054688,284.0257873535156,114.32630157470703,265.2943115234375
2026-06-30,108.1500015258789,329.5,171.6999969482422,399.8999938964844,248.8000030517578,362.0,89.58000183105469,36.02000045776367,577.0,80.12000274658203,532.0,274.29998779296875,46.67292404174805,159.1999969482422,99.0999984741211,52.0,183.3295440673828,142.60000610351562,192.89999389648438,37.939998626708984,198.10000610351562,192.5,317.3999938964844,266.6000061035156,402.54998779296875,665.2000122070312,127.0999984741211,259.20001220703125,37.7599983215332,1048.5,289.11065673828125,372.319091796875,357.14044189453125,238.33999633789062,562.8457641601562,199.86634826660156,325.86199951171875,342.45379638671875,512.740478515625,145.55343627929688,252.7235870361328,413.0863952636719,350.1000061035156,56.690757751464844,135.8404083251953,164.32589721679688,1197.7137451171875,249.86151123046875,377.0633850097656,933.9849853515625,133.9688262939453,80.78792572021484,500.9759826660156,146.04193115234375,156.38487243652344,580.9099731445312,183.7897186279297,296.5516357421875,112.989501953125,268.4022216796875
2026-07-01,106.3499984741211,327.5,170.75,395.6000061035156,248.8000030517578,357.8999938964844,88.08000183105469,36.099998474121094,579.2000122070312,81.23999786376953,523.4000244140625,274.0,45.03180694580078,160.10000610351562,97.58000183105469,53.08000183105469,182.23146057128906,141.64999389648438,192.4499969482422,39.5,202.8000030517578,193.25,321.20001220703125,268.79998779296875,399.20001220703125,671.7999877929688,129.60000610351562,257.1000061035156,36.2599983215332,1034.0,294.1263427734375,383.5579528808594,360.97796630859375,241.6999969482422,612.4266357421875,197.35916137695312,332.5718078613281,350.4289855957031,521.565673828125,146.33758544921875,252.73353576660156,423.92962646484375,348.27349853515625,58.06375503540039,135.4032440185547,164.25650024414062,1190.03466796875,249.28561401367188,368.6686706542969,923.2021484375,139.66795349121094,80.80780792236328,512.9368286132812,142.00596618652344,162.94332885742188,540.8800048828125,180.9352569580078,296.889892578125,108.56010437011719,267.5284423828125
2026-07-02,105.80000305175781,332.29998779296875,168.9499969482422,394.6000061035156,260.79998779296875,363.3999938964844,89.5199966430664,35.7400016784668,578.7999877929688,81.86000061035156,530.7999877929688,278.3999938964844,45.04169464111328,162.89999389648438,98.54000091552734,53.599998474121094,185.9250030517578,143.0,195.5500030517578,40.41999816894531,204.8000030517578,196.35000610351562,326.6000061035156,261.6000061035156,402.8500061035156,677.7999877929688,131.60000610351562,259.20001220703125,36.36000061035156,1021.0,308.3640441894531,389.7562561035156,359.6788024902344,242.6699981689453,582.4403686523438,194.61224365234375,332.9700012207031,361.45849609375,538.4873046875,150.28810119628906,261.74908447265625,422.7568359375,355.2818298339844,58.43187713623047,136.20802307128906,167.7361297607422,1212.1729736328125,259.2248840332031,359.7948303222656,950.1593017578125,142.6956024169922,83.64089965820312,523.0390625,139.78370666503906,165.8182830810547,517.8200073242188,175.2959442138672,291.5870361328125,111.57289123535156,278.6493835449219
2026-07-03,106.44999694824219,337.70001220703125,172.5,411.79998779296875,265.79998779296875,366.20001220703125,93.33999633789062,35.939998626708984,588.7999877929688,82.76000213623047,538.0,278.29998779296875,45.27896499633789,164.10000610351562,98.91999816894531,53.84000015258789,187.12290954589844,143.64999389648438,197.1999969482422,39.79999923706055,208.0,197.5500030517578,328.0,264.6000061035156,405.79998779296875,662.2000122070312,138.1999969482422,267.6000061035156,37.27000045776367,1049.0,,,,,,,,,,,,,,,,,,,,,,,,,,,,,,
2026-07-06,106.25,342.3999938964844,170.25,406.6000061035156,264.1000061035156,367.3999938964844,94.0,35.66999816894531,583.2000122070312,81.58000183105469,530.5999755859375,275.70001220703125,44.112388610839844,162.39999389648438,97.83999633789062,53.68000030517578,187.77178955078125,144.75,198.89999389648438,39.45000076293945,205.89999389648438,194.9499969482422,320.79998779296875,262.3999938964844,403.75,659.4000244140625,137.0,265.20001220703125,36.959999084472656,1040.0,312.3905944824219,386.0133056640625,366.2245788574219,244.16000366210938,599.8165893554688,195.33143615722656,337.7200012207031,356.5875549316406,532.2078247070312,148.2036590576172,258.0572509765625,415.4319152832031,348.0848693847656,59.59593963623047,135.5622100830078,166.64566040039062,1198.3428955078125,252.95945739746094,373.2203674316406,948.7415771484375,141.77542114257812,82.46790313720703,517.2035522460938,143.2615966796875,165.3590850830078,552.0499877929688,185.47056579589844,301.9539794921875,110.38573455810547,277.5273742675781
2026-07-07,105.55000305175781,340.20001220703125,165.89999389648438,387.8999938964844,257.79998779296875,368.6000061035156,93.72000122070312,35.2599983215332,563.5999755859375,82.37999725341797,524.7999877929688,282.0,44.42874526977539,163.0,98.4000015258789,53.70000076293945,188.52047729492188,145.5,200.8000030517578,38.279998779296875,206.0,193.89999389648438,323.3999938964844,257.0,398.20001220703125,669.7999877929688,134.3000030517578,260.0,36.7400016784668,1000.0,310.3923034667969,388.109375,366.7942199707031,245.97999572753906,615.0946044921875,196.7098846435547,339.2200012207031,351.54693603515625,530.7303466796875,151.6181640625,265.9284362792969,425.56951904296875,342.6846618652344,59.5561408996582,140.7784423828125,172.5045166015625,1233.7921142578125,252.85023498535156,370.1060485839844,945.9959716796875,143.44757080078125,83.55143737792969,516.2243041992188,141.1090850830078,169.2222900390625,516.1099853515625,181.9795684814453,291.805908203125,111.27361297607422,280.2182312011719
2026-07-08,105.30000305175781,333.70001220703125,162.5500030517578,378.6000061035156,250.10000610351562,363.29998779296875,92.23999786376953,33.91999816894531,553.0,79.0,518.7999877929688,274.20001220703125,44.81431198120117,161.39999389648438,97.22000122070312,52.34000015258789,184.32778930664062,141.89999389648438,198.5500030517578,37.099998474121094,200.10000610351562,187.10000610351562,313.79998779296875,250.8000030517578,391.95001220703125,664.7999877929688,130.8000030517578,254.1999969482422,35.0,988.7999877929688,313.1199645996094,382.6197204589844,361.6875305175781,243.6199951171875,602.6444091796875,203.891845703125,330.6199951171875,346.88555908203125,518.989990234375,147.30039978027344,262.1072998046875,422.995361328125,333.75048828125,58.004058837890625,140.2220458984375,174.44757080078125,1214.0902099609375,250.95375061035156,387.9834899902344,951.6170043945312,141.00367736816406,82.9052963256836,509.7392883300781,140.00294494628906,166.28746032714844,517.4099731445312,185.55014038085938,299.78509521484375,112.82987976074219,276.28619384765625
2026-07-09,112.3499984741211,334.3999938964844,166.8000030517578,389.0,257.6000061035156,368.70001220703125,92.9000015258789,34.47999954223633,560.2000122070312,80.37999725341797,527.2000122070312,277.20001220703125,44.7451057434082,162.6999969482422,98.26000213623047,51.20000076293945,185.6255340576172,144.25,201.1999969482422,38.59000015258789,203.3000030517578,189.0500030517578,318.6000061035156,257.79998779296875,396.79998779296875,682.0,131.5,255.6999969482422,35.279998779296875,1014.0,315.947509765625,383.6377868652344,358.65948486328125,247.0399932861328,630.9819946289062,202.5533447265625,335.4700012207031,347.5543518066406,523.2000122070312,145.7618865966797,257.8283996582031,429.03814697265625,336.2520751953125,58.94923782348633,136.57565307617188,172.54417419433594,1215.2086181640625,248.1437530517578,400.38092041015625,911.520751953125,136.40283203125,82.13985443115234,524.3081665039062,143.72000122070312,162.21461486816406,546.719970703125,190.0755157470703,306.9583435058594,111.94200897216797,274.5386047363281
2026-07-10,110.19999694824219,336.8999938964844,167.1999969482422,390.8999938964844,259.5,364.0,95.81999969482422,35.41999816894531,560.0,81.4000015258789,524.5999755859375,277.8999938964844,44.96260452270508,162.6999969482422,99.36000061035156,50.7400016784668,185.07647705078125,143.39999389648438,200.89999389648438,39.25,207.6999969482422,190.89999389648438,318.3999938964844,257.0,394.3999938964844,684.0,131.89999389648438,253.60000610351562,35.630001068115234,998.0,315.0483093261719,384.37640380859375,356.9505615234375,245.33999633789062,668.6823120117188,210.72421264648438,336.4700012207031,348.3229064941406,526.739990234375,145.95046997070312,255.7188262939453,422.0213623046875,340.78863525390625,59.367103576660156,137.9865264892578,174.87384033203125,1186.879150390625,246.32667541503906,399.2430114746094,914.7955322265625,135.9279022216797,82.99475860595703,526.6463012695312,140.63999938964844,163.03318786621094,557.8900146484375,188.1360626220703,309.8734130859375,113.62797546386719,272.6619567871094
2026-07-13,112.75,335.29998779296875,165.85000610351562,389.29998779296875,259.79998779296875,362.20001220703125,98.0999984741211,35.630001068115234,559.2000122070312,80.77999877929688,522.4000244140625,279.70001220703125,45.97100067138672,161.6999969482422,98.91999816894531,52.119998931884766,184.9267578125,142.60000610351562,199.85000610351562,40.099998474121094,210.1999969482422,191.4499969482422,323.6000061035156,256.79998779296875,391.25,698.0,131.1999969482422,252.39999389648438,35.709999084472656,998.7999877929688,317.03656005859375,390.2553405761719,352.2835693359375,247.30999755859375,656.2120971679688,203.30250549316406,334.5299987792969,357.08660888671875,537.7000122070312,147.27061462402344,256.5049133300781,426.4640197753906,334.6439208984375,59.197967529296875,143.58029174804688,180.6236572265625,1180.1788330078125,246.2472381591797,383.3519287109375,924.9594116210938,137.0261688232422,83.75025177001953,528.105224609375,131.5399932861328,170.9193115234375,534.3900146484375,182.98410034179688,297.0491027832031,114.50586700439453,270.68597412109375
2026-07-14,98.54000091552734,337.1000061035156,165.9499969482422,390.79998779296875,258.8999938964844,366.6000061035156,99.76000213623047,36.029998779296875,564.5999755859375,79.68000030517578,532.4000244140625,278.6000061035156,46.26758575439453,161.5,98.91999816894531,51.79999923706055,186.623779296875,143.85000610351562,203.8000030517578,39.310001373291016,206.8000030517578,192.5500030517578,333.20001220703125,277.3999938964844,394.8500061035156,689.7999877929688,130.6999969482422,249.8000030517578,36.31999969482422,1015.5,314.58868408203125,384.20672607421875,359.2790832519531,247.49000549316406,660.5186767578125,211.5632781982422,342.8900146484375,355.3598327636719,538.02001953125,144.99758911132812,252.60418701171875,422.587890625,335.2693176269531,60.31228256225586,144.15655517578125,180.18746948242188,1150.890869140625,243.0500030517578,388.4027099609375,920.2868041992188,134.01829528808594,82.58719635009766,533.6609497070312,127.94000244140625,167.26573181152344,548.1300048828125,177.1359405517578,303.9935302734375,113.4284439086914,267.0419006347656
2026-07-15,97.30000305175781,338.5,164.60000610351562,384.1000061035156,260.29998779296875,366.3999938964844,99.80000305175781,36.41999816894531,560.2000122070312,80.19999694824219,527.2000122070312,278.8999938964844,45.50634765625,162.10000610351562,99.94000244140625,51.560001373291016,185.82518005371094,138.75,211.89999389648438,39.41999816894531,206.60000610351562,193.64999389648438,327.79998779296875,276.3999938964844,393.25,703.0,131.1999969482422,253.8000030517578,36.939998626708984,988.4000244140625,327.2178039550781,394.8866271972656,370.6817626953125,254.9600067138672,680.7727661132812,212.26248168945312,346.9100036621094,354.4814758300781,535.2100219726562,146.9530029296875,245.8076934814453,415.95867919921875,338.9422607421875,61.27735900878906,143.58029174804688,180.02886962890625,1154.9749755859375,244.11000061035156,393.5633239746094,915.0850830078125,133.9688262939453,81.96092224121094,534.8800048828125,132.49000549316406,166.7067108154297,529.1400146484375,177.01658630371094,299.6557312011719,112.26124572753906,263.080078125
2026-07-16,95.83999633789062,341.29998779296875,173.10000610351562,372.8999938964844,264.0,370.70001220703125,99.80000305175781,36.31999969482422,565.4000244140625,80.0999984741211,524.7999877929688,271.70001220703125,44.80442428588867,162.5,100.8499984741211,51.18000030517578,187.37246704101562,139.85000610351562,215.3000030517578,39.54999923706055,211.10000610351562,197.35000610351562,334.79998779296875,282.3999938964844,394.29998779296875,689.5999755859375,132.6999969482422,252.3000030517578,37.47999954223633,935.4000244140625,332.97283935546875,400.3463439941406,354.2322998046875,249.88999938964844,664.0159301757812,207.16818237304688,343.1499938964844,364.4629211425781,551.5399780273438,150.37742614746094,248.7432098388672,420.7889709472656,345.4740905761719,61.1778678894043,145.0110321044922,182.26930236816406,1167.4970703125,254.38999938964844,373.7694091796875,944.0690307617188,137.9562225341797,84.41627502441406,542.7739868164062,124.20999908447266,172.37673950195312,500.94000244140625,169.6864776611328,289.7365417480469,114.67546081542969,271.5299987792969
2026-07-17,95.26000213623047,339.1000061035156,173.3000030517578,338.1000061035156,249.10000610351562,359.6000061035156,99.31999969482422,36.70000076293945,559.5999755859375,78.76000213623047,519.2000122070312,282.79998779296875,45.723846435546875,165.10000610351562,103.0,49.43000030517578,187.522216796875,139.0500030517578,215.3000030517578,39.060001373291016,232.5,198.4499969482422,327.79998779296875,275.20001220703125,397.0,691.4000244140625,132.1999969482422,255.10000610351562,36.5,945.2000122070312,333.452392578125,393.08001708984375,346.5472412109375,247.22999572753906,645.5006103515625,202.58331298828125,341.1000061035156,357.8951110839844,543.5999755859375,148.86868286132812,251.7981414794922,423.48236083984375,336.39105224609375,60.958984375,146.41195678710938,185.75885009765625,1177.4227294921875,254.49000549316406,370.15594482421875,939.37646484375,135.67063903808594,81.07620239257812,532.0721435546875,126.41000366210938,170.4700927734375,495.760009765625,170.8501434326172,282.57318115234375,113.96715545654297,265.820556640625
2026-07-20,93.80000305175781,338.70001220703125,171.0,335.5,245.1999969482422,362.5,98.45999908447266,36.91999816894531,556.7999877929688,79.63999938964844,516.4000244140625,281.29998779296875,44.824195861816406,166.8000030517578,101.44999694824219,50.099998474121094,188.6702117919922,139.10000610351562,212.3000030517578,39.02000045776367,232.0,196.5,320.20001220703125,265.0,397.54998779296875,714.4000244140625,136.1999969482422,257.20001220703125,36.630001068115234,948.5999755859375,326.3085632324219,401.53411865234375,351.7638854980469,249.99000549316406,645.3406982421875,203.05279541015625,338.8699951171875,359.9013977050781,547.4400024414062,148.02499389648438,247.59886169433594,418.97015380859375,330.60369873046875,60.11329650878906,147.40553283691406,188.06869506835938,1145.2589111328125,253.3800048828125,377.47265625,934.3145141601562,134.0281982421875,81.63288879394531,525.826904296875,121.37999725341797,173.4847869873047,503.57000732421875,169.39805603027344,282.6229553222656,111.9320297241211,265.7510986328125
2026-07-21,92.80000305175781,339.5,174.0500030517578,346.8999938964844,250.60000610351562,367.29998779296875,98.26000213623047,36.290000915527344,565.0,79.0999984741211,518.2000122070312,277.20001220703125,44.31999969482422,165.89999389648438,101.1500015258789,49.7400016784668,190.3672332763672,141.39999389648438,215.8000030517578,39.08000183105469,232.60000610351562,193.3000030517578,311.0,266.3999938964844,396.0,689.5999755859375,131.10000610351562,261.3999938964844,35.59000015258789,963.2000122070312,327.45758056640625,397.00262451171875,346.927001953125,247.5500030517578,643.3023071289062,207.0583038330078,345.2300109863281,355.16021728515625,538.2999877929688,147.00262451171875,249.3800811767578,433.6795959472656,329.1742248535156,60.909236907958984,150.73397827148438,189.41693115234375,1173.7281494140625,256.1000061035156,385.7974853515625,927.7449340820312,133.57305908203125,81.48377990722656,523.05908203125,127.05000305175781,169.76133728027344,544.4299926757812,172.5608367919922,289.81610107421875,110.12635803222656,262.0473937988281
2026-07-22,92.9800033569336,348.0,177.0500030517578,349.3999938964844,255.8000030517578,369.79998779296875,97.0,37.0,572.2000122070312,79.91999816894531,526.0,280.5,44.970001220703125,169.89999389648438,105.69999694824219,50.459999084472656,192.81295776367188,142.75,217.8000030517578,37.84000015258789,233.1999969482422,196.5,315.20001220703125,269.20001220703125,402.1000061035156,691.0,130.8000030517578,263.70001220703125,36.349998474121094,961.2000122070312,325.60919189453125,389.6065673828125,341.8702392578125,244.85000610351562,626.6754150390625,211.82298278808594,348.2099914550781,352.7646789550781,531.97998046875,148.02499389648438,254.3754425048828,428.67041015625,329.02532958984375,61.30720520019531,153.4563446044922,191.31039428710938,1161.3458251953125,253.3000030517578,396.0887451171875,925.8380126953125,134.2161865234375,81.71240997314453,526.0568237304688,125.83999633789062,162.7137451171875,552.3300170898438,174.67930603027344,292.69140625,109.06888580322266,261.7098083496094
2026-07-23,91.5,352.0,177.0,343.8999938964844,254.8000030517578,366.3999938964844,96.16000366210938,36.720001220703125,576.7999877929688,79.5999984741211,522.5999755859375,274.1000061035156,44.720001220703125,169.60000610351562,103.0,49.400001525878906,188.72012329101562,141.39999389648438,215.5,36.290000915527344,229.10000610351562,193.39999389648438,310.6000061035156,265.3999938964844,398.29998779296875,689.7999877929688,129.1999969482422,261.20001220703125,36.63999938964844,954.7999877929688,321.3828430175781,380.8630065917969,317.4859313964844,233.66000366210938,605.6220092773438,208.5266571044922,349.8999938964844,350.9480285644531,530.2899780273438,145.88099670410156,257.99755859375,420.9678649902344,322.3346252441406,60.968929290771484,155.88064575195312,192.73794555664062,1184.173095703125,256.9200134277344,391.7566223144531,924.5899658203125,133.52359008789062,80.68852233886719,571.8816528320312,120.04000091552734,156.65438842773438,539.6900024414062,170.18377685546875,283.5382385253906,108.14111328125,260.9452209472656
2026-07-24,91.5199966430664,354.79998779296875,180.10000610351562,349.70001220703125,255.8000030517578,371.0,100.0999984741211,37.18000030517578,574.5999755859375,83.36000061035156,531.0,276.29998779296875,44.58000183105469,151.0,104.80000305175781,50.400001525878906,190.3672332763672,143.4499969482422,218.60000610351562,38.189998626708984,230.3000030517578,196.35000610351562,312.6000061035156,266.20001220703125,403.5,695.0,132.89999389648438,264.3999938964844,37.130001068115234,950.4000244140625,332.7330322265625,380.9828186035156,319.53460693359375,232.11000061035156,594.7206420898438,206.6088104248047,353.2099914550781,355.0803527832031,539.6599731445312,147.41000366210938,262.1072998046875,418.16510009765625,330.5441589355469,61.735023498535156,155.93032836914062,193.104736328125,1194.318603515625,259.3599853515625,381.225830078125,935.030029296875,135.1957244873047,81.76211547851562,567.8247680664062,114.98999786376953,163.37258911132812,521.9500122070312,166.06617736816406,278.15582275390625,109.20855712890625,262.89141845703125
2026-07-27,93.36000061035156,355.5,177.85000610351562,352.5,256.0,373.79998779296875,99.0,37.04999923706055,567.4000244140625,84.37999725341797,537.0,280.0,45.0099983215332,156.39999389648438,108.19999694824219,51.31999969482422,193.11244201660156,144.4499969482422,219.89999389648438,38.959999084472656,230.3000030517578,199.1999969482422,315.20001220703125,263.6000061035156,406.70001220703125,741.5999755859375,133.5,264.20001220703125,37.77000045776367,936.7999877929688,336.61968994140625,388.368896484375,326.3502197265625,231.38999938964844,593.4016723632812,196.2903594970703,356.20001220703125,361.8577575683594,551.7100219726562,148.6300048828125,264.6448059082031,415.0841064453125,333.6313781738281,61.81461715698242,153.7742919921875,188.35618591308594,1195.81640625,256.9100036621094,382.5234375,951.5800170898438,138.3124237060547,83.57131958007812,559.1015014648438,119.9000015258789,173.29513549804688,494.95001220703125,169.1195526123047,277.9866943359375,111.47312927246094,268.75970458984375
2026-07-28,95.63999938964844,364.70001220703125,174.64999389648438,348.3999938964844,259.20001220703125,372.70001220703125,101.80000305175781,37.630001068115234,557.0,85.54000091552734,539.7999877929688,280.6000061035156,45.619998931884766,158.8000030517578,109.75,52.7400016784668,191.21575927734375,143.5,219.39999389648438,39.79999923706055,235.1999969482422,202.0,321.20001220703125,254.8000030517578,407.54998779296875,748.4000244140625,135.0,267.8999938964844,39.349998474121094,918.5999755859375,339.78692626953125,392.61090087890625,333.4956359863281,230.86000061035156,592.9420166015625,196.789794921875,357.30999755859375,365.91021728515625,562.75,148.8800048828125,265.42095947265625,426.1658630371094,341.9500732421875,62.302127838134766,152.055419921875,185.95712280273438,1218.913330078125,263.20001220703125,380.2176513671875,966.5800170898438,141.3499755859375,87.74639892578125,575.968505859375,119.95999908447266,181.18124389648438,454.6199951171875,161.99832153320312,275.6585998535156,112.82987976074219,271.09307861328125
2026-07-29,96.23999786376953,364.1000061035156,172.3000030517578,346.79998779296875,256.0,374.3999938964844,99.26000213623047,37.52000045776367,547.4000244140625,95.94000244140625,537.2000122070312,279.29998779296875,45.400001525878906,158.1999969482422,109.19999694824219,52.86000061035156,190.4171600341797,143.1999969482422,218.6999969482422,40.369998931884766,238.10000610351562,200.39999389648438,321.20001220703125,259.3999938964844,407.0,751.2000122070312,134.1999969482422,264.20001220703125,39.130001068115234,901.2000122070312,337.8985900878906,389.8061828613281,336.49371337890625,226.64999389648438,585.148193359375,189.79762268066406,344.7099914550781,368.0462646484375,563.3200073242188,146.10000610351562,264.2268371582031,417.99615478515625,335.7954406738281,60.7599983215332,155.74154663085938,190.20008850097656,1208.28857421875,263.29998779296875,369.64691162109375,974.030029296875,141.98321533203125,88.55160522460938,576.0184936523438,117.73999786376953,188.04917907714844,429.55999755859375,154.83729553222656,269.9179992675781,113.94721221923828,269.6036682128906
2026-07-30,93.26000213623047,364.20001220703125,175.60000610351562,355.0,257.6000061035156,378.8999938964844,99.69999694824219,37.66999816894531,558.2000122070312,95.45999908447266,540.5999755859375,277.6000061035156,44.81999969482422,155.10000610351562,108.25,52.560001373291016,191.21575927734375,144.14999389648438,221.6999969482422,39.099998474121094,236.10000610351562,199.85000610351562,321.3999938964844,261.3999938964844,407.8999938964844,737.2000122070312,134.1999969482422,266.8999938964844,38.75,927.0,333.1426696777344,450.2524108886719,333.4456787109375,235.5,538.60498046875,194.82199096679688,350.8500061035156,365.5908203125,577.3499755859375,143.9600067138672,254.56451416015625,418.8906555175781,330.91143798828125,61.416648864746094,155.96014404296875,190.6461944580078,1153.3172607421875,257.4100036621094,387.1350402832031,954.1699829101562,138.7180938720703,87.96509552001953,576.3282470703125,127.55999755859375,180.39263916015625,485.3900146484375,150.77938842773438,277.3399963378906,110.83465576171875,266.5454406738281
2026-07-31,93.81999969482422,364.29998779296875,175.85000610351562,356.0,257.79998779296875,381.0,100.05000305175781,38.13999938964844,563.5999755859375,93.62000274658203,544.5999755859375,277.20001220703125,44.18000030517578,153.0,108.25,52.52000045776367,191.96444702148438,145.64999389648438,223.3000030517578,40.04999923706055,237.39999389648438,200.60000610351562,324.0,260.3999938964844,411.0,728.2000122070312,134.10000610351562,266.70001220703125,38.810001373291016,934.7999877929688,308.6438293457031,463.8468017578125,355.9012451171875,271.5799865722656,556.27099609375,200.52561950683594,351.7900085449219,365.4510803222656,573.0999755859375,144.49000549316406,255.09190368652344,411.8638916015625,329.5315856933594,61.63553237915039,154.4399871826172,195.12709045410156,1147.196044921875,250.94000244140625,388.5724182128906,951.8900146484375,138.08485412597656,87.0704345703125,573.860107421875,129.8699951171875,183.6968231201172,476.1499938964844,146.81097412109375,275.739990234375,110.93441772460938,268.72991943359375
2026-08-03,96.19999694824219,369.3999938964844,177.10000610351562,357.0,264.79998779296875,383.8999938964844,102.0,38.83000183105469,566.7999877929688,95.87999725341797,553.7999877929688,276.0,44.349998474121094,155.60000610351562,110.6500015258789,54.36000061035156,193.41192626953125,146.8000030517578,225.3000030517578,40.22999954223633,239.6999969482422,202.8000030517578,328.0,259.6000061035156,416.0,729.2000122070312,135.60000610351562,268.29998779296875,39.59000015258789,941.4000244140625,303.1585693359375,486.73370361328125,373.27008056640625,284.0199890136719,589.7745361328125,206.40904235839844,352.6400146484375,364.991943359375,570.969970703125,144.97000122070312,253.1614227294922,412.8180236816406,337.5326232910156,62.162841796875,154.0624237060547,191.5086669921875,1119.75537109375,245.10000610351562,391.51708984375,954.0800170898438,138.1541290283203,86.34477233886719,573.5903930664062,141.85000610351562,185.62342834472656,484.6400146484375,150.7495574951172,269.0400085449219,110.44558715820312,263.35809326171875
2026-08-04,98.5,371.5,182.39999389648438,369.5,266.5,388.3999938964844,105.05000305175781,40.18000030517578,571.4000244140625,97.27999877929688,562.2000122070312,277.20001220703125,43.91999816894531,154.5,111.6500015258789,55.619998931884766,194.510009765625,148.10000610351562,227.10000610351562,40.939998626708984,239.8000030517578,204.10000610351562,328.6000061035156,270.0,422.5,742.5999755859375,133.1999969482422,272.0,40.0,963.2000122070312,309.1134033203125,491.884033203125,377.40740966796875,277.4200134277344,587.4763793945312,211.70310974121094,357.5199890136719,368.9046630859375,571.0999755859375,148.00999450683594,253.67886352539062,405.0558166503906,345.6925048828125,62.580711364746094,152.96951293945312,188.75271606445312,1114.0836181640625,243.8000030517578,417.3999328613281,947.8499755859375,137.62973022460938,86.04654693603516,564.3174438476562,145.74000549316406,190.6545867919922,518.5800170898438,161.78945922851562,283.6300048828125,111.28358459472656,266.4461364746094
2026-08-05,96.33999633789062,366.3999938964844,184.0,374.5,264.20001220703125,384.79998779296875,104.5999984741211,40.13999938964844,567.4000244140625,98.0999984741211,562.2000122070312,282.70001220703125,43.060001373291016,152.5,109.6500015258789,54.720001220703125,190.4499969482422,147.6999969482422,223.1999969482422,41.25,238.39999389648438,203.10000610351562,332.6000061035156,267.3999938964844,424.04998779296875,732.7999877929688,132.10000610351562,273.0,40.470001220703125,969.0,310.7320251464844,486.5440673828125,362.1971740722656,272.6499938964844,588.3057250976562,218.9749755859375,359.239990234375,367.85662841796875,570.47998046875,146.8000030517578,256.3258056640625,410.2239990234375,350.5566711425781,62.928932189941406,150.6544952392578,184.7972412109375,1168.18603515625,246.1999969482422,417.51971435546875,941.989990234375,137.3131103515625,86.31494903564453,577.387451171875,144.38999938964844,192.64108276367188,482.04998779296875,156.67727661132812,277.7200012207031,112.07169342041016,272.0661926269531
2026-08-06,97.18000030517578,362.0,183.8000030517578,367.70001220703125,261.6000061035156,388.29998779296875,104.30000305175781,40.290000915527344,572.4000244140625,96.55999755859375,555.0,281.79998779296875,43.97999954223633,153.6999969482422,110.0,55.31999969482422,192.0,148.89999389648438,225.5,41.2400016784668,237.6999969482422,201.3000030517578,331.6000061035156,271.79998779296875,423.70001220703125,730.2000122070312,132.0,272.20001220703125,39.97999954223633,964.5999755859375,312.14080810546875,498.9207458496094,357.52020263671875,272.260009765625,589.4348754882812,218.7452392578125,356.29998779296875,369.7830505371094,575.9500122070312,146.97000122070312,255.7188262939453,401.49774169921875,346.963134765625,62.68020248413086,153.84384155273438,187.59283447265625,1190.234375,243.8699951171875,419.8055725097656,949.1500244140625,136.97669982910156,86.33482360839844,579.5757446289062,143.47000122070312,186.44200134277344,489.2799987792969,159.5218048095703,278.3999938964844,111.8023452758789,274.31024169921875
2026-08-07,96.69999694824219,355.6000061035156,182.5500030517578,365.29998779296875,261.79998779296875,384.3999938964844,102.05000305175781,40.13999938964844,569.0,97.62000274658203,551.7999877929688,282.20001220703125,43.61000061035156,150.5,110.30000305175781,56.41999816894531,191.5500030517578,147.3000030517578,224.1999969482422,44.189998626708984,237.0,202.3000030517578,330.20001220703125,274.20001220703125,423.70001220703125,735.7999877929688,134.0,270.29998779296875,39.900001525878906,959.5999755859375,313.05999755859375,499.0505065917969,354.0723876953125,274.4800109863281,591.633056640625,223.70968627929688,357.5199890136719,361.82781982421875,562.9500122070312,145.7899932861328,257.96771240234375,404.58868408203125,353.0185241699219,62.849334716796875,152.055419921875,184.94593811035156,1184.0133056640625,246.0399932861328,426.98248291015625,947.8200073242188,137.55056762695312,86.53364562988281,593.5450439453125,147.02000427246094,192.40151977539062,483.3599853515625,166.9513702392578,286.0799865722656,111.58287048339844,272.5428161621094
2026-08-10,95.62000274658203,354.6000061035156,183.39999389648438,367.1000061035156,261.3999938964844,378.8999938964844,102.69999694824219,39.93000030517578,570.7999877929688,97.30000305175781,546.4000244140625,280.8999938964844,42.709999084472656,149.60000610351562,110.5999984741211,56.5,190.39999389648438,146.85000610351562,222.10000610351562,43.779998779296875,239.1999969482422,195.35000610351562,326.0,267.0,422.70001220703125,741.7999877929688,130.8000030517578,267.5,39.279998779296875,962.0,308.260009765625,505.109130859375,357.29034423828125,278.0899963378906,594.4508666992188,217.3068389892578,359.7900085449219,360.6500244140625,563.1699829101562,146.44000244140625,260.5251159667969,406.238525390625,348.21392822265625,63.53583526611328,158.76199340820312,193.2237091064453,1230.1771240234375,247.97000122070312,421.6322326660156,952.75,136.27420043945312,86.3547134399414,599.230712890625,151.0500030517578,197.1631317138672,469.55999755859375,161.2921600341797,280.44000244140625,112.39093780517578,271.78814697265625
2026-08-11,96.19999694824219,350.0,183.14999389648438,368.20001220703125,260.6000061035156,377.5,103.0999984741211,39.2599983215332,564.2000122070312,96.5199966430664,542.4000244140625,278.0,43.0099983215332,148.39999389648438,109.44999694824219,57.2400016784668,190.14999389648438,146.60000610351562,220.89999389648438,44.220001220703125,239.0,192.6999969482422,323.3999938964844,274.20001220703125,419.3500061035156,740.2000122070312,130.10000610351562,266.5,39.29999923706055,967.7999877929688,304.9100036621094,502.86334228515625,343.5791320800781,272.2699890136719,598.6475219726562,217.25689697265625,362.0400085449219,362.82000732421875,561.4400024414062,145.2100067138672,258.52496337890625,399.7286376953125,351.8868713378906,63.67512512207031,158.7719268798828,194.9585723876953,1213.2813720703125,250.08999633789062,415.3236999511719,944.3200073242188,136.947021484375,85.96702575683594,604.53662109375,145.47999572753906,197.12319946289062,474.32000732421875,161.7993927001953,281.239990234375,112.989501953125,272.2151184082031
2026-08-12,97.77999877929688,343.20001220703125,182.39999389648438,365.6000061035156,259.5,379.0,104.5,38.90999984741211,565.2000122070312,95.5,539.0,275.29998779296875,43.130001068115234,147.89999389648438,109.4000015258789,56.099998474121094,190.75,147.0,221.1999969482422,42.47999954223633,239.3000030517578,192.3000030517578,320.3999938964844,275.20001220703125,417.8999938964844,737.2000122070312,127.0999984741211,267.1000061035156,38.900001525878906,981.2000122070312,302.25,491.5047302246094,343.3193359375,267.2799987792969,578.3934936523438,223.8395233154297,365.17999267578125,359.4200134277344,559.72998046875,144.0800018310547,259.5797424316406,403.1078186035156,340.9176940917969,64.48101043701172,158.7222442626953,194.8990936279297,1218.533935546875,248.75999450683594,415.29376220703125,949.5800170898438,137.23394775390625,86.1956558227539,602.5481567382812,153.27999877929688,192.98049926757812,482.92999267578125,162.1873016357422,276.5899963378906,115.7329330444336,273.75421142578125
2026-08-13,98.0999984741211,340.1000061035156,182.5,358.6000061035156,261.29998779296875,380.20001220703125,107.69999694824219,38.369998931884766,562.7999877929688,95.05999755859375,525.0,277.3999938964844,43.34000015258789,146.6999969482422,109.30000305175781,56.34000015258789,191.8000030517578,147.60000610351562,222.0,42.630001068115234,239.89999389648438,193.5,318.79998779296875,281.20001220703125,414.5,737.7999877929688,125.9000015258789,267.1000061035156,38.5,981.5999755859375,305.260009765625,495.9463806152344,346.13751220703125,265.1300048828125,594.5007934570312,225.04818725585938,363.1099853515625,365.45001220703125,567.0399780273438,144.25999450683594,260.79376220703125,396.6177978515625,339.2003479003906,63.76466369628906,157.58958435058594,195.98956298828125,1207.27001953125,250.82000732421875,417.060546875,961.8499755859375,139.13365173339844,86.90144348144531,595.43359375,156.22000122070312,201.016357421875,483.010009765625,163.89797973632812,273.42999267578125,115.4436264038086,270.3285217285156
2026-08-14,97.62000274658203,340.20001220703125,181.14999389648438,359.20001220703125,262.0,380.5,107.8499984741211,38.279998779296875,557.2000122070312,95.19999694824219,518.7999877929688,278.20001220703125,43.95000076293945,148.0,108.55000305175781,57.97999954223633,192.0500030517578,148.3000030517578,222.89999389648438,44.29999923706055,240.10000610351562,193.64999389648438,318.79998779296875,277.0,412.6499938964844,752.5999755859375,125.5999984741211,267.0,38.56999969482422,971.5999755859375,305.92999267578125,494.4691467285156,345.67779541015625,262.6499938964844,589.3848266601562,224.90834045410156,362.8399963378906,364.1499938964844,569.2899780273438,144.5500030517578,259.072265625,399.2714538574219,336.381103515625,64.16263580322266,159.07000732421875,198.26966857910156,1180.1600341796875,249.4600067138672,392.2756652832031,961.0999755859375,139.30184936523438,87.18972778320312,587.8394165039062,150.52000427246094,195.86541748046875,514.3900146484375,164.89256286621094,279.5799865722656,114.99469757080078,270.9044189453125
2026-08-17,97.13999938964844,342.70001220703125,180.5500030517578,361.3999938964844,265.1000061035156,379.5,108.4000015258789,38.09000015258789,558.7999877929688,94.73999786376953,518.7999877929688,268.3999938964844,43.36000061035156,146.1999969482422,107.4000015258789,56.900001525878906,191.0500030517578,148.39999389648438,221.0,43.400001525878906,239.6999969482422,189.5,315.0,275.3999938964844,410.75,787.5999755859375,124.4000015258789,265.5,37.72999954223633,974.2000122070312,305.5899963378906,479.44744873046875,343.7790222167969,261.30999755859375,568.5213012695312,224.7584991455078,360.9599914550781,358.8399963378906,562.260009765625,143.1199951171875,261.0823669433594,393.1988525390625,335.4082946777344,63.56568145751953,161.4600067138672,200.94630432128906,1183.1600341796875,250.3300018310547,391.7167053222656,953.5,136.77882385253906,86.46405792236328,585.0615844726562,146.64999389648438,190.63462829589844,506.0,161.30210876464844,282.9100036621094,114.05694580078125,263.6559753417969
2026-08-18,96.5199966430664,340.20001220703125,176.85000610351562,356.8999938964844,260.20001220703125,378.1000061035156,105.5,37.9900016784668,550.5999755859375,94.81999969482422,518.2000122070312,270.8999938964844,43.81999969482422,145.10000610351562,107.6500015258789,56.97999954223633,190.9499969482422,147.85000610351562,220.0,43.970001220703125,240.60000610351562,188.3000030517578,312.20001220703125,271.0,411.3500061035156,781.0,124.0,262.5,37.099998474121094,946.7999877929688,310.0299987792969,480.72503662109375,343.9789123535156,259.45001220703125,543.2412719726562,219.49440002441406,363.25,364.25,574.3099975585938,143.4499969482422,269.7794494628906,391.5191650390625,335.0211486816406,63.903961181640625,165.55999755859375,203.9600067138672,1225.72998046875,258.9200134277344,379.3092956542969,961.3499755859375,138.64883422851562,88.29314422607422,588.5888061523438,142.7899932861328,195.79554748535156,484.3900146484375,159.32289123535156,272.239990234375,114.92486572265625,265.10565185546875
2026-08-19,96.77999877929688,338.20001220703125,174.5,358.5,259.8999938964844,372.20001220703125,104.75,37.959999084472656,548.0,99.0,516.2000122070312,271.20001220703125,43.68000030517578,145.6999969482422,107.8499984741211,58.68000030517578,188.75,145.75,217.5,43.93000030517578,244.10000610351562,191.25,313.3999938964844,271.0,410.20001220703125,781.7999877929688,124.9000015258789,262.29998779296875,37.040000915527344,949.0,316.8299865722656,483.3999938964844,344.4985656738281,265.8399963378906,545.5994262695312,217.31683349609375,357.260009765625,365.5400085449219,573.719970703125,144.3800048828125,272.06817626953125,386.2317199707031,341.78131103515625,62.849334716796875,164.77000427246094,205.75999450683594,1280.3399658203125,265.9700012207031,361.8211364746094,956.989990234375,141.07293701171875,89.8140640258789,613.070068359375,143.80999755859375,205.72805786132812,466.4200134277344,161.0335693359375,267.45001220703125,114.02702331542969,265.5624084472656
2026-08-20,96.62000274658203,340.0,175.5,368.70001220703125,259.8999938964844,372.5,95.12000274658203,38.59000015258789,548.4000244140625,98.5199966430664,517.7999877929688,273.20001220703125,43.59000015258789,146.10000610351562,109.44999694824219,57.58000183105469,189.10000610351562,146.0500030517578,218.6999969482422,43.970001220703125,246.10000610351562,192.9499969482422,313.20001220703125,289.6000061035156,410.04998779296875,805.0,126.19999694824219,268.20001220703125,36.970001220703125,943.7999877929688,311.29998779296875,481.1499938964844,340.451171875,260.1099853515625,545.3995971679688,216.60763549804688,351.54998779296875,365.7300109863281,573.8499755859375,142.97000122070312,266.0578308105469,382.4947509765625,332.0430908203125,61.545989990234375,166.14999389648438,205.77000427246094,1244.4000244140625,261.8299865722656,363.3683166503906,933.510009765625,140.57823181152344,89.96318054199219,627.0693359375,142.07000732421875,205.0692138671875,469.4599914550781,159.86990356445312,265.6000061035156,103.59199523925781,267.2305603027344
2026-08-21,96.63999938964844,342.79998779296875,178.0500030517578,380.79998779296875,262.5,373.6000061035156,97.45999908447266,41.9900016784668,561.2000122070312,100.1500015258789,528.0,273.5,43.5,146.6999969482422,111.0999984741211,57.619998931884766,191.14999389648438,146.9499969482422,219.39999389648438,45.18000030517578,244.3000030517578,196.39999389648438,316.3999938964844,298.6000061035156,413.1000061035156,820.0,126.9000015258789,271.0,37.66999816894531,946.2000122070312,309.3500061035156,483.239990234375,344.5985107421875,258.6300048828125,549.4663696289062,214.48001098632812,351.5799865722656,371.0400085449219,580.6300048828125,144.67999267578125,268.9137268066406,387.7225341796875,333.1548767089844,61.37685012817383,165.11000061035156,205.27000427246094,1255.4000244140625,264.9599914550781,367.7803039550781,947.739990234375,141.9634246826172,90.55961608886719,628.7880249023438,146.47000122070312,208.8026580810547,473.25,159.87985229492188,264.3599853515625,103.69999694824219,269.0377197265625
2026-08-24,96.72000122070312,347.0,176.9499969482422,387.1000061035156,268.20001220703125,368.20001220703125,100.0,42.040000915527344,566.0,100.69999694824219,531.2000122070312,281.20001220703125,43.689998626708984,146.8000030517578,112.25,57.119998931884766,191.1999969482422,144.5500030517578,218.10000610351562,45.279998779296875,245.0,197.25,316.79998779296875,307.3999938964844,412.54998779296875,826.7999877929688,127.0999984741211,270.8999938964844,36.79999923706055,924.5999755859375,310.3399963378906,487.30999755859375,347.83642578125,262.07000732421875,558.5792236328125,208.24697875976562,356.3900146484375,382.4100036621094,599.8599853515625,146.60000610351562,271.70001220703125,396.31964111328125,334.9615783691406,62.01360321044922,164.0500030517578,203.08999633789062,1246.9300537109375,264.5199890136719,358.10791015625,971.4000244140625,143.14085388183594,91.4443359375,628.2584228515625,142.4499969482422,208.69285583496094,456.75,157.67185974121094,258.94000244140625,106.48999786376953,270.6164855957031
2026-08-25,97.63999938964844,350.8999938964844,178.35000610351562,394.79998779296875,272.20001220703125,369.0,101.4000015258789,42.529998779296875,575.0,100.80000305175781,536.5999755859375,280.70001220703125,44.029998779296875,147.60000610351562,112.0,59.040000915527344,193.0,145.14999389648438,219.8000030517578,45.54999923706055,243.3000030517578,200.0,317.20001220703125,315.20001220703125,415.45001220703125,839.0,128.10000610351562,272.3999938964844,37.439998626708984,938.2000122070312,309.8999938964844,491.7099914550781,346.73712158203125,261.05999755859375,569.6004638671875,212.81187438964844,356.69000244140625,384.1400146484375,599.3699951171875,145.39999389648438,273.1400146484375,394.16290283203125,335.4082946777344,62.113094329833984,160.63999938964844,199.88999938964844,1233.6600341796875,265.7900085449219,356.091552734375,960.010009765625,140.76622009277344,91.0964126586914,627.6688842773438,144.75999450683594,205.32876586914062,479.17999267578125,159.6908721923828,260.04998779296875,105.37999725341797,266.20782470703125
2026-08-26,95.69999694824219,351.29998779296875,179.89999389648438,394.5,275.3999938964844,374.1000061035156,105.0,42.540000915527344,577.2000122070312,100.30000305175781,536.5999755859375,281.1000061035156,43.810001373291016,149.5,111.94999694824219,58.560001373291016,194.0500030517578,146.4499969482422,222.1999969482422,45.33000183105469,245.0,200.39999389648438,317.6000061035156,316.3999938964844,414.75,832.5999755859375,128.1999969482422,274.70001220703125,37.66999816894531,941.7999877929688,313.45001220703125,496.3699951171875,341.7803039550781,260.2799987792969,575.6856689453125,209.4256591796875,356.5,383.8999938964844,598.469970703125,145.0,270.0,398.5558776855469,332.40045166015625,61.91410827636719,158.19000244140625,200.2100067138672,1189.4100341796875,262.8999938964844,354.94366455078125,956.1199951171875,140.6870574951172,89.54566955566406,633.2246704101562,148.8699951171875,205.25888061523438,480.92999267578125,162.83377075195312,261.7699890136719,104.33999633789062,265.04608154296875
2026-08-27,96.19999694824219,346.3999938964844,181.35000610351562,394.1000061035156,276.1000061035156,373.20001220703125,105.30000305175781,43.119998931884766,576.5999755859375,101.75,540.0,279.79998779296875,43.439998626708984,151.5,112.80000305175781,62.20000076293945,193.8000030517578,147.1999969482422,221.60000610351562,47.4900016784668,245.39999389648438,200.8000030517578,316.6000061035156,324.20001220703125,414.8999938964844,831.0,129.5,274.8999938964844,37.34000015258789,938.4000244140625,314.5799865722656,505.05999755859375,340.4311828613281,256.260009765625,570.6495971679688,227.7251739501953,354.2200012207031,379.6600036621094,591.72998046875,143.13999938964844,265.7699890136719,392.63232421875,326.2060852050781,60.85948944091797,156.44000244140625,199.77000427246094,1176.0999755859375,258.1499938964844,370.86468505859375,934.6599731445312,138.2431640625,88.5317153930664,630.2169189453125,151.94000244140625,251.60736083984375,476.6700134277344,163.88803100585938,266.5400085449219,102.62999725341797,258.2245788574219
2026-08-28,96.76000213623047,348.3999938964844,181.0,393.1000061035156,277.79998779296875,376.1000061035156,104.30000305175781,43.209999084472656,577.2000122070312,100.44999694824219,542.7999877929688,280.20001220703125,43.77000045776367,151.3000030517578,113.6500015258789,63.220001220703125,196.1999969482422,148.1999969482422,223.60000610351562,47.20000076293945,247.39999389648438,200.60000610351562,319.3999938964844,327.0,417.20001220703125,836.7999877929688,130.0,275.3999938964844,37.97999954223633,947.2000122070312,319.70001220703125,513.530029296875,346.36737060546875,266.42999267578125,577.564208984375,217.3068389892578,357.6199951171875,381.6000061035156,595.2999877929688,143.77999877929688,268.0400085449219,390.5451965332031,327.7745361328125,62.00365447998047,156.7100067138672,201.86000061035156,1174.6099853515625,255.47999572753906,368.11968994140625,945.469970703125,139.5789031982422,89.12816619873047,621.7034301757812,150.85000610351562,255.5504150390625,465.5799865722656,163.30123901367188,258.6400146484375,103.08999633789062,263.12969970703125
2026-08-31,96.72000122070312,346.20001220703125,178.39999389648438,384.3999938964844,278.0,376.20001220703125,103.94999694824219,42.75,574.7999877929688,100.05000305175781,538.0,280.70001220703125,43.63999938964844,152.0,114.30000305175781,61.380001068115234,196.10000610351562,147.9499969482422,224.39999389648438,46.56999969482422,243.89999389648438,201.8000030517578,317.3999938964844,314.79998779296875,413.1000061035156,832.5999755859375,128.60000610351562,272.3999938964844,38.099998474121094,934.5999755859375,316.8500061035156,507.2900085449219,339.13201904296875,259.7699890136719,571.888671875,220.53323364257812,356.0199890136719,379.3699951171875,589.3099975585938,145.1199951171875,265.8500061035156,387.02685546875,325.4317932128906,61.625579833984375,160.9499969482422,206.13999938964844,1156.72998046875,256.4200134277344,369.6668395996094,943.8900146484375,138.8566131591797,88.14402770996094,616.6273193359375,149.1199951171875,257.08770751953125,470.7200012207031,169.5571746826172,260.9100036621094,104.87000274658203,261.6800231933594
2026-09-01,96.4800033569336,345.0,173.10000610351562,373.8999938964844,269.29998779296875,378.29998779296875,101.80000305175781,42.31999969482422,563.7999877929688,98.31999969482422,531.2000122070312,279.20001220703125,43.79999923706055,151.89999389648438,114.94999694824219,59.91999816894531,196.1999969482422,148.3000030517578,223.3000030517578,44.97999954223633,243.1999969482422,206.89999389648438,314.20001220703125,307.20001220703125,409.29998779296875,829.7999877929688,129.5,269.70001220703125,38.59000015258789,919.7999877929688,325.1300048828125,501.0199890136719,334.8047790527344,254.9199981689453,578.083740234375,217.1969757080078,354.95001220703125,372.6700134277344,581.0999755859375,146.2100067138672,271.19000244140625,393.8746643066406,317.4307556152344,61.675331115722656,164.5500030517578,211.0500030517578,1160.0,259.989990234375,369.008056640625,939.9600219726562,138.3124237060547,87.4780044555664,600.0400390625,141.32000732421875,257.6567077636719,459.6099853515625,165.7081298828125,253.33999633789062,105.91999816894531,261.1099853515625
2026-09-02,96.63999938964844,338.29998779296875,172.3000030517578,370.1000061035156,265.0,378.1000061035156,101.5,42.9900016784668,553.7999877929688,97.13999938964844,525.0,274.8999938964844,44.599998474121094,150.89999389648438,115.69999694824219,60.79999923706055,195.64999389648438,147.64999389648438,223.1999969482422,44.04999923706055,245.0,203.0,311.3999938964844,302.3999938964844,406.3999938964844,829.4000244140625,129.10000610351562,266.5,38.04999923706055,915.5999755859375,324.9599914550781,496.82000732421875,336.9034423828125,254.97999572753906,592.3824462890625,224.1591796875,356.2200012207031,378.3999938964844,588.1400146484375,147.63999938964844,275.2099914550781,397.214111328125,316.17999267578125,62.282230377197266,164.14999389648438,211.77999877929688,1160.0799560546875,261.7200012207031,366.5724792480469,928.47998046875,139.0347137451172,87.71658325195312,608.0739135742188,145.75,256.478759765625,457.05999755859375,169.04000854492188,254.8000030517578,106.08999633789062,260.95001220703125
2026-09-03,96.80000305175781,348.29998779296875,174.6999969482422,380.20001220703125,270.0,382.3999938964844,103.44999694824219,44.34000015258789,555.2000122070312,97.72000122070312,535.2000122070312,273.1000061035156,44.459999084472656,150.8000030517578,114.05000305175781,62.34000015258789,198.8000030517578,149.4499969482422,226.10000610351562,44.810001373291016,244.1999969482422,208.39999389648438,315.3999938964844,309.20001220703125,410.79998779296875,845.4000244140625,132.0,269.3999938964844,38.61000061035156,912.0,328.2099914550781,510.1199951171875,342.260009765625,258.8999938964844,610.1984252929688,228.1946563720703,362.05999755859375,378.75,585.7100219726562,146.9199981689453,278.42999267578125,398.4862976074219,318.07000732421875,62.71999740600586,162.2100067138672,211.32000732421875,1159.5999755859375,260.2099914550781,356.51080322265625,925.4099731445312,138.54000854492188,88.283203125,617.956298828125,154.0399932861328,263.9656066894531,456.1600036621094,168.57000732421875,253.8300018310547,108.41999816894531,259.6300048828125
2026-09-04,97.05999755859375,348.5,175.9499969482422,390.1000061035156,274.5,385.8999938964844,106.0999984741211,43.959999084472656,555.7999877929688,96.31999969482422,535.7999877929688,272.20001220703125,44.369998931884766,151.89999389648438,116.0,61.02000045776367,199.14999389648438,150.8000030517578,226.5,44.41999816894531,241.8000030517578,208.60000610351562,314.20001220703125,312.79998779296875,408.04998779296875,846.0,130.1999969482422,271.8999938964844,38.9900016784668,916.0,319.9700012207031,499.70001220703125,338.4599914550781,258.510009765625,616.2836303710938,230.10252380371094,358.6400146484375,375.07000732421875,579.2100219726562,146.44000244140625,275.2300109863281,394.7095642089844,321.04998779296875,62.68000030517578,159.47000122070312,208.60000610351562,1149.3599853515625,256.4599914550781,357.24945068359375,915.739990234375,137.6300048828125,87.54759216308594,613.3099365234375,158.77999877929688,258.7747497558594,477.57000732421875,168.74000549316406,258.44000244140625,107.13999938964844,255.69000244140625
2026-09-07,97.23999786376953,349.0,178.85000610351562,393.29998779296875,272.79998779296875,388.3999938964844,106.75,43.970001220703125,559.0,95.58000183105469,535.2000122070312,268.5,44.689998626708984,150.5,116.55000305175781,60.459999084472656,199.39999389648438,150.8000030517578,227.0,48.11000061035156,243.60000610351562,203.89999389648438,316.79998779296875,312.20001220703125,405.6499938964844,859.5999755859375,128.60000610351562,273.1000061035156,38.83000183105469,935.4000244140625,,,,,,,,,,,,,,,,,,,,,,,,,,,,,,
2026-09-08,97.26000213623047,346.20001220703125,180.6999969482422,402.3999938964844,275.3999938964844,385.6000061035156,104.8499984741211,44.5,563.5999755859375,95.16000366210938,541.4000244140625,268.6000061035156,44.970001220703125,150.6999969482422,118.25,60.900001525878906,198.39999389648438,150.14999389648438,226.6999969482422,46.20000076293945,239.60000610351562,203.89999389648438,313.0,309.6000061035156,407.95001220703125,862.0,128.0,274.0,39.13999938964844,958.4000244140625,316.2200012207031,493.95001220703125,338.3599853515625,256.9700012207031,612.9962158203125,225.47769165039062,353.510009765625,368.6400146484375,570.8900146484375,145.5800018310547,269.1199951171875,398.38690185546875,313.70001220703125,62.38999938964844,160.66000366210938,209.8000030517578,1123.9100341796875,248.77999877929688,367.89007568359375,910.1799926757812,138.4499969482422,87.83586883544922,602.5581665039062,162.52000427246094,248.6824951171875,505.739990234375,174.08999633789062,258.9200134277344,106.05000305175781,255.80999755859375
2026-09-09,96.77999877929688,341.0,176.6999969482422,392.6000061035156,268.79998779296875,382.20001220703125,103.94999694824219,44.5,551.7999877929688,93.62000274658203,533.5999755859375,263.1000061035156,44.70000076293945,149.8000030517578,117.94999694824219,63.0,196.5,149.10000610351562,224.1999969482422,45.599998474121094,238.10000610351562,202.10000610351562,306.3999938964844,307.3999938964844,402.70001220703125,859.0,127.0,269.0,37.9900016784668,927.5999755859375,315.3399963378906,491.6499938964844,330.6499938964844,252.39999389648438,653.1744995117188,223.4199981689453,354.7099914550781,367.3900146484375,567.5,142.63999938964844,267.0799865722656,390.6545104980469,310.45001220703125,62.66999816894531,164.22999572753906,213.80999755859375,1124.2099609375,250.91000366210938,363.7176818847656,902.5999755859375,136.69000244140625,87.03067779541016,605.22607421875,161.6300048828125,243.73121643066406,521.0999755859375,176.39999389648438,261.5899963378906,105.83000183105469,253.47999572753906
2026-09-10,97.23999786376953,339.20001220703125,174.5500030517578,384.0,264.0,384.5,102.1500015258789,44.029998779296875,545.5999755859375,93.5999984741211,529.4000244140625,262.70001220703125,45.4900016784668,150.3000030517578,117.19999694824219,60.2599983215332,198.6999969482422,149.75,226.60000610351562,46.38999938964844,235.8000030517578,207.3000030517578,306.79998779296875,311.3999938964844,402.75,864.4000244140625,126.30000305175781,265.0,37.130001068115234,926.5999755859375,326.57000732421875,492.44000244140625,332.6000061035156,251.88999938964844,643.8718872070312,218.36000061035156,353.55999755859375,367.2099914550781,565.3699951171875,142.97000122070312,266.3500061035156,385.90374755859375,305.69000244140625,62.560001373291016,165.22999572753906,212.75999450683594,1123.0,255.0,360.17413330078125,902.3800048828125,136.64999389648438,87.30902099609375,602.718017578125,152.94000244140625,242.5732421875,503.6000061035156,176.8800048828125,258.82000732421875,105.7300033569336,253.0500030517578
2026-09-11,98.66000366210938,340.5,175.14999389648438,385.20001220703125,269.20001220703125,387.29998779296875,103.6500015258789,44.56999969482422,548.2000122070312,93.87999725341797,529.7999877929688,261.29998779296875,45.47999954223633,150.0,116.5,60.63999938964844,200.3000030517578,150.85000610351562,228.0,46.15999984741211,234.39999389648438,205.1999969482422,302.79998779296875,306.3999938964844,402.54998779296875,875.2000122070312,126.5999984741211,266.20001220703125,37.13999938964844,933.7999877929688,332.2699890136719,495.6300048828125,338.5,256.7799987792969,647.51904296875,218.2899932861328,356.2300109863281,370.45001220703125,569.1900024414062,145.27000427246094,265.5799865722656,376.7699890136719,308.739990234375,62.689998626708984,165.99000549316406,214.05999755859375,1115.699951171875,257.1199951171875,361.33203125,904.77001953125,136.32000732421875,87.76628875732422,609.3529052734375,150.27999877929688,247.2849578857422,516.1300048828125,181.97000122070312,268.70001220703125,107.1500015258789,252.52999877929688
2026-09-14,98.04000091552734,335.3999938964844,168.35000610351562,367.6000061035156,263.79998779296875,392.0,101.3499984741211,43.7400016784668,534.2000122070312,93.76000213623047,523.7999877929688,267.1000061035156,46.77000045776367,152.3000030517578,116.75,60.560001373291016,198.5500030517578,151.25,227.8000030517578,47.54999923706055,238.0,203.3000030517578,303.3999938964844,298.79998779296875,399.1000061035156,891.7999877929688,127.5,262.29998779296875,36.650001525878906,902.7999877929688,333.0799865722656,505.4100036621094,349.3900146484375,253.5399932861328,665.0751342773438,210.9600067138672,350.1300048828125,375.2799987792969,574.4199829101562,146.1300048828125,266.32000732421875,383.54998779296875,310.8699951171875,59.470001220703125,165.0800018310547,212.1699981689453,1138.280029296875,261.7699890136719,344.0934143066406,918.9099731445312,136.33999633789062,88.81999969482422,613.1500244140625,144.7899932861328,258.9743957519531,493.4100036621094,180.14999389648438,263.4200134277344,109.08000183105469,257.489990234375
2026-09-15,98.0999984741211,330.20001220703125,168.85000610351562,370.6000061035156,265.8999938964844,391.3999938964844,104.5999984741211,42.650001525878906,539.7999877929688,93.23999786376953,522.5999755859375,263.79998779296875,47.04999923706055,151.3000030517578,119.80000305175781,60.400001525878906,199.0,151.60000610351562,227.3000030517578,47.130001068115234,238.10000610351562,206.89999389648438,303.79998779296875,300.20001220703125,397.8500061035156,890.0,126.9000015258789,263.6000061035156,36.11000061035156,915.4000244140625,331.3399963378906,497.1199951171875,344.9800109863281,248.4199981689453,669.7114868164062,212.1699981689453,352.489990234375,375.6199951171875,573.27001953125,146.6699981689453,267.20001220703125,375.92999267578125,305.4800109863281,59.52000045776367,169.32000732421875,217.77000427246094,1136.1099853515625,263.0400085449219,338.6533203125,901.3499755859375,135.5,88.70999908447266,641.3900146484375,140.35000610351562,255.20101928710938,504.20001220703125,187.8000030517578,263.42999267578125,108.08999633789062,252.77999877929688
2026-09-16,98.95999908447266,333.0,170.14999389648438,375.0,270.0,396.70001220703125,105.80000305175781,42.66999816894531,547.5999755859375,93.68000030517578,531.7999877929688,263.70001220703125,47.689998626708984,152.6999969482422,119.9000015258789,60.18000030517578,199.6999969482422,152.6999969482422,229.1999969482422,47.18000030517578,240.1999969482422,207.39999389648438,306.0,307.79998779296875,402.3500061035156,898.5999755859375,128.10000610351562,267.29998779296875,36.380001068115234,934.5999755859375,332.4100036621094,490.29998779296875,342.8699951171875,245.9600067138672,672.779052734375,213.89999389648438,348.9200134277344,370.92999267578125,567.75,147.02000427246094,267.2799987792969,375.260009765625,302.4700012207031,57.900001525878906,163.32000732421875,211.5399932861328,1137.8199462890625,262.510009765625,338.8929138183594,893.739990234375,134.33999633789062,87.87000274658203,648.4299926757812,143.16000366210938,250.09999084472656,512.5,184.83999633789062,260.6700134277344,107.5,248.55999755859375
2026-09-17,101.25,337.79998779296875,172.4499969482422,373.1000061035156,275.3999938964844,406.79998779296875,109.4000015258789,42.97999954223633,556.0,95.30000305175781,538.7999877929688,264.29998779296875,47.88999938964844,153.60000610351562,121.0,60.459999084472656,201.5,155.0500030517578,230.5,46.2400016784668,238.6999969482422,207.89999389648438,306.79998779296875,308.79998779296875,406.1499938964844,900.0,128.10000610351562,271.0,36.25,948.4000244140625,337.0,497.75,347.3299865722656,251.19000244140625,681.77197265625,219.33999633789062,349.30999755859375,369.92999267578125,565.72998046875,147.5500030517578,270.2200012207031,375.2099914550781,302.510009765625,58.18000030517578,163.27000427246094,211.57000732421875,1152.43994140625,264.0199890136719,346.6687316894531,893.9299926757812,133.66000366210938,88.05999755859375,658.3200073242188,150.58999633789062,242.85000610351562,545.0900268554688,188.7100067138672,258.1400146484375,106.79000091552734,248.47999572753906
2026-09-18,99.9800033569336,333.0,171.0500030517578,369.8999938964844,268.6000061035156,402.3999938964844,107.44999694824219,42.97999954223633,545.7999877929688,95.55999755859375,535.4000244140625,261.6000061035156,46.029998779296875,152.10000610351562,120.44999694824219,59.720001220703125,198.8000030517578,153.14999389648438,227.8000030517578,45.720001220703125,236.1999969482422,206.0,306.6000061035156,307.20001220703125,405.75,865.7999877929688,124.19999694824219,269.8999938964844,34.630001068115234,962.5999755859375,336.1300048828125,493.7799987792969,349.5400085449219,253.7100067138672,665.2250366210938,222.27000427246094,349.6700134277344,368.2900085449219,565.239990234375,146.38999938964844,269.989990234375,376.8999938964844,299.9800109863281,57.72999954223633,163.5399932861328,209.50999450683594,1152.9300537109375,263.9599914550781,356.9599914550781,895.3099975585938,129.75,88.25,651.4500122070312,147.61000061035156,237.9199981689453,559.8200073242188,177.72000122070312,266.6400146484375,106.7300033569336,248.24000549316406
2026-09-21,100.30000305175781,331.1000061035156,175.5,375.3999938964844,268.5,412.79998779296875,105.75,44.41999816894531,556.4000244140625,95.80000305175781,539.5999755859375,262.29998779296875,46.540000915527344,152.10000610351562,121.69999694824219,60.20000076293945,203.0,155.39999389648438,234.6999969482422,47.31999969482422,240.8000030517578,209.8000030517578,309.79998779296875,318.0,407.20001220703125,867.0,125.80000305175781,273.20001220703125,34.47999954223633,984.5999755859375,338.9800109863281,501.6099853515625,354.9700012207031,258.45001220703125,741.25,227.3800048828125,352.0400085449219,369.95001220703125,567.6500244140625,146.0800018310547,269.4700012207031,377.55999755859375,297.20001220703125,57.959999084472656,158.3000030517578,203.6699981689453,1164.8900146484375,264.4800109863281,362.6600036621094,898.47998046875,129.58999633789062,87.12000274658203,658.760009765625,148.55999755859375,236.4199981689453,615.52001953125,194.22999572753906,270.8699951171875,107.44000244140625,247.8800048828125
2026-09-22,,,,,,,,,,,,,,,,,,,,,,,,,,,,,,,,,,,,,,,,,,,,,,,,,,,,,,,,,,,,
